loggingTime,loggingSample,identifierForVendor,motionTimestamp_sinceReboot,motionYaw,motionRoll,motionPitch,motionRotationRateX,motionRotationRateY,motionRotationRateZ,motionUserAccelerationX,motionUserAccelerationY,motionUserAccelerationZ,motionAttitudeReferenceFrame,motionQuaternionX,motionQuaternionY,motionQuaternionZ,motionQuaternionW,motionGravityX,motionGravityY,motionGravityZ,motionMagneticFieldX,motionMagneticFieldY,motionMagneticFieldZ,motionMagneticFieldCalibrationAccuracy,label
1562614496.383544,1,0,309759.810211625,0.2183270778597436,0.1620159355020213,0.2820579524065951,0.2738602161407471,0.6684730052947998,0.4665637314319611,0.1099603474140167,0.07004421949386597,0.136408805847168,2,0.1305386573076248,0.09490268677473068,0.118817962706089,0.9797120094299316,0.1549339294433594,-0.2783328592777252,-0.9479062557220459,22.02424621582031,-14.11639595031738,-29.9586181640625,2,1
1562614496.392992,2,0,309759.845123625,0.2272819165418295,0.1649279912926338,0.3079142829862865,1.016897559165955,-0.4698778390884399,0.2852715849876404,0.08057209849357605,0.08068609237670898,0.3364237546920776,2,0.1426127105951309,0.09820148348808289,0.124224491417408,0.9770293831825256,0.1564594805240631,-0.3030716776847839,-0.9400361776351929,22.45563697814941,-15.18524742126465,-29.24478149414062,2,1
1562614496.427151,3,0,309759.880096625,0.2273390606337247,0.1224989373130631,0.3504173184874748,1.1589515209198,-1.310588717460632,0.2021089792251587,-0.01379446685314178,0.05228894948959351,0.2329818606376648,2,0.1660273522138596,0.07961950451135635,0.1220800429582596,0.9752907752990723,0.1147670820355415,-0.3432897925376892,-0.9321913123130798,21.07068252563477,-16.86408042907715,-29.3720703125,2,1
1562614496.459009,4,0,309759.915009625,0.2436050309170556,0.09749709940569114,0.3714900794515955,0.1454290449619293,-0.1320364326238632,0.5863615274429321,-0.06408405303955078,0.07562139630317688,0.1691467761993408,2,0.1772739440202713,0.06994833052158356,0.1282023191452026,0.9732654094696045,0.09070271998643875,-0.3630042672157288,-0.9273623824119568,19.91858100891113,-18.02823829650879,-29.30859375,2,1
1562614496.509257,5,0,309759.949982625,0.2625606963500275,0.09514629060638821,0.3624664913157088,-0.3965314626693726,0.09595921635627747,0.3566939234733582,0.02180367708206177,-0.02882546186447144,0.1826820373535156,2,0.1723664253950119,0.06994157284498215,0.137111708521843,0.9729328751564026,0.08883000165224075,-0.3545815348625183,-0.9307959675788879,19.58738899230957,-18.28585624694824,-29.49334716796875,2,1
1562614496.524827,6,0,309759.984894625,0.2696045309481515,0.08479146576978071,0.3562122954993147,-0.09487180411815643,-0.3714644908905029,0.07942872494459152,0.02859081327915192,-0.04615536332130432,0.1476119160652161,2,0.169795036315918,0.06512286514043808,0.1395902335643768,0.9733670353889465,0.07937344163656235,-0.3487268090248108,-0.9338573217391968,19.4736270904541,-18.05135536193848,-29.72488403320312,2,1
1562614496.559414,7,0,309760.019867625,0.2739125350988339,0.07478597833050461,0.3612314766633994,0.2750199139118195,-0.1128515601158142,0.1878861337900162,0.02078262716531754,-0.0006381869316101074,0.1331895589828491,2,0.1728078424930573,0.0609399788081646,0.1408663988113403,0.972923755645752,0.06989426910877228,-0.3534264862537384,-0.9328475594520569,18.91044616699219,-18.56932258605957,-29.68658447265625,2,1
1562614496.59073,8,0,309760.054810625,0.2837227586279264,0.06229147190454802,0.3647428471322354,-0.1453882455825806,-0.4680916368961334,0.2690673172473907,0.007695838809013367,-0.06266295909881592,0.05527675151824951,2,0.1751233786344528,0.05594627559185028,0.1445649117231369,0.9722669124603271,0.05815603211522102,-0.3567090630531311,-0.9324036240577698,18.77579879760742,-19.1747875213623,-29.57745361328125,2,1
1562614496.624713,9,0,309760.089752625,0.2888502021513696,0.03320254544839672,0.3483807262511952,-0.6033048629760742,-0.8069800138473511,0.01225557364523411,0.0596764050424099,-0.0478610098361969,-0.1901894807815552,2,0.1691297441720963,0.04111914336681366,0.1445731222629547,0.9740652441978455,0.03120222687721252,-0.3413762450218201,-0.9394087195396423,17.76389694213867,-18.81928825378418,-30.29067993164062,2,1
1562614496.668535,10,0,309760.124695625,0.2904319400489802,0.02437937912387869,0.3279841322915819,-0.5166116952896118,0.1083041280508041,0.05953080579638481,0.0228189155459404,-0.01415565609931946,-0.236484169960022,2,0.1597874313592911,0.03552194312214851,0.144723117351532,0.9758388996124268,0.02307751774787903,-0.3221352696418762,-0.9464123249053955,17.91489028930664,-18.32828330993652,-30.47830200195312,2,1
1562614496.690613,11,0,309760.159668625,0.2894937907359967,0.01910933515966971,0.3061525025476338,-0.747078537940979,-0.4039599895477295,-0.168256089091301,0.001676227897405624,-0.1119726896286011,-0.2679150700569153,2,0.1495156288146973,0.03133693337440491,0.1439904272556305,0.9777166843414307,0.01821964606642723,-0.3013922870159149,-0.9533261656761169,17.87065505981445,-18.03016471862793,-30.9901123046875,2,1
1562614496.722658,12,0,309760.194580625,0.276426130562531,0.007901862994816752,0.274869804261546,-0.9072914123535156,-0.3292855620384216,-0.4338899552822113,-0.005744241178035736,-0.02642172574996948,-0.3454188108444214,2,0.1351559013128281,0.02275152131915092,0.1370093822479248,0.981042206287384,0.007605152204632759,-0.2714216411113739,-0.962430477142334,17.48085403442383,-17.13670921325684,-31.80905151367188,2,1
1562614496.756403,13,0,309760.229553625,0.2672797787166417,0.02469942653438537,0.2542797549293778,-0.4128907024860382,0.8605653047561646,-0.1276844143867493,-0.03338056057691574,0.103605717420578,-0.1952188014984131,2,0.1240252554416656,0.02903402969241142,0.1337088197469711,0.9828005433082581,0.02390277944505215,-0.2515483796596527,-0.9675495028495789,18.16705513000488,-16.14418601989746,-32.10256958007812,2,1
1562614496.788542,14,0,309760.264465625,0.2698453296398581,0.05803972344286947,0.2489754709073517,-0.0228562168776989,0.823545515537262,0.09659205377101898,-0.08925867080688477,0.04909060895442963,0.03289932012557983,2,0.1191133633255959,0.0452246330678463,0.136986568570137,0.982344925403595,0.05621851608157158,-0.246411144733429,-0.9675334692001343,18.71756744384766,-15.98883247375488,-31.87185668945312,2,1
1562614496.829129,15,0,309760.299438625,0.2659821473696872,0.07058425548552275,0.2504159038560888,0.03566069528460503,0.1292178332805634,-0.2554048895835876,-0.09190668165683746,0.0647687166929245,0.07695937156677246,2,0.1190591230988503,0.05124828219413757,0.1358469277620316,0.9822139739990234,0.06832592934370041,-0.2478069067001343,-0.9663971066474915,20.10581970214844,-16.36823844909668,-31.204345703125,2,1
1562614496.854827,16,0,309760.299438625,0.2659821473696872,0.07058425548552275,0.2504159038560888,0.03566069528460503,0.1292178332805634,-0.2554048895835876,-0.09190668165683746,0.0647687166929245,0.07695937156677246,2,0.1190591230988503,0.05124828219413757,0.1358469277620316,0.9822139739990234,0.06832592934370041,-0.2478069067001343,-0.9663971066474915,20.10581970214844,-16.36823844909668,-31.204345703125,2,1
1562614496.903123,17,0,309760.334351625,0.2614853658102643,0.08648483159339924,0.2469415361435267,-0.1501071602106094,0.661567747592926,0.01409196387976408,-0.1436547935009003,0.1577601879835129,0.03607535362243652,2,0.1163991615176201,0.05857478082180023,0.1345356106758118,0.9823036193847656,0.08375677466392517,-0.244439423084259,-0.9660404324531555,20.82303237915039,-16.2814884185791,-31.13824462890625,2,1
1562614496.920121,18,0,309760.369324625,0.2767090827655306,0.1190424465113898,0.2463058781067366,0.01521917432546616,1.197309255599976,0.6086847186088562,-0.1262345612049103,0.1258631497621536,0.1344922780990601,2,0.1133107617497444,0.07538297772407532,0.1438642144203186,0.9801945090293884,0.1151772364974022,-0.2438229918479919,-0.9629561305046082,22.17467308044434,-16.42821311950684,-30.38763427734375,2,1
1562614496.954262,19,0,309760.404236625,0.3012216014865528,0.1416638601994397,0.2599165073377655,0.4980964362621307,0.5225074291229248,0.6799103021621704,-0.08566343784332275,0.04930427670478821,0.2080541253089905,2,0.117275096476078,0.08877710253000259,0.1574715375900269,0.9765079617500305,0.1364481151103973,-0.2569998502731323,-0.9567303657531738,22.80194473266602,-17.27679634094238,-29.48138427734375,2,1
1562614496.990041,20,0,309760.439209625,0.320756327910341,0.1706876301550029,0.2798215080817902,0.3484593033790588,1.421854019165039,0.6321734189987183,-0.1288283169269562,0.1079493463039398,0.2350059151649475,2,0.12368493527174,0.1055128052830696,0.1692901700735092,0.9720647931098938,0.1632532775402069,-0.2761841118335724,-0.9471381902694702,23.29728889465332,-17.65156745910645,-28.90884399414062,2,1
1562614497.02013,21,0,309760.474152625,0.3531691667726591,0.2454360122630276,0.2810832872283694,-0.398039847612381,2.839393854141235,0.9702895283699036,-0.1630445122718811,0.1034703254699707,0.2401390075683594,2,0.1155724674463272,0.1437409520149231,0.1895086765289307,0.9644004106521606,0.2334436923265457,-0.2773965895175934,-0.9319630861282349,25.1424617767334,-18.45233726501465,-27.22003173828125,2,1
1562614497.055814,22,0,309760.509094625,0.3909609978845054,0.3220017103973162,0.2787027913840561,-0.3503764569759369,2.255351781845093,0.9286419153213501,-0.1326500773429871,-0.006117463111877441,0.2753348350524902,2,0.1036575362086296,0.182359591126442,0.2117099314928055,0.9545570015907288,0.3042545914649963,-0.2751087248325348,-0.9120001792907715,27.3004035949707,-19.0574779510498,-24.92877197265625,2,1
1562614497.085855,23,0,309760.544037625,0.4345021102389506,0.3966237624094581,0.2632416043718193,-1.089444398880005,2.518633842468262,1.000135898590088,-0.1140589416027069,-0.01520195603370667,0.1823195815086365,2,0.08354589343070984,0.2184535264968872,0.2347423136234283,0.9435010552406311,0.3729987442493439,-0.260211855173111,-0.8905962705612183,29.16507530212402,-19.29620552062988,-22.60580444335938,2,1
1562614497.117824,24,0,309760.578979625,0.4795153758945233,0.4641308871271656,0.2379390835900674,-1.171012163162231,2.209140539169312,0.7280823588371277,-0.05418163537979126,-0.04028025269508362,-0.02729535102844238,2,0.05797483026981354,0.2492594569921494,0.2559842765331268,0.9321913719177246,0.4350337386131287,-0.2357002794742584,-0.8690173029899597,29.92941093444824,-19.31913185119629,-21.89453125,2,1
1562614497.151774,25,0,309760.613922625,0.5162431200076099,0.5293003182188574,0.2243111998777306,-0.5961638689041138,2.048062086105347,0.6899592876434326,-0.06379470229148865,-0.08833682537078857,-0.1011501550674438,2,0.03809477388858795,0.2788918018341064,0.2731349468231201,0.9198725819587708,0.4922798275947571,-0.2224348783493042,-0.841536283493042,31.59618377685547,-19.19870567321777,-20.00100708007812,2,1
1562614497.183824,26,0,309760.648895625,0.5512200773861808,0.6183273040303056,0.216010487663252,-0.9668883085250854,3.29607629776001,0.6984426379203796,-0.02631872892379761,-0.07124550640583038,-0.1410408616065979,2,0.01649166271090508,0.3190169930458069,0.2892813980579376,0.9023704528808594,0.5662015676498413,-0.2143345475196838,-0.7959123849868774,33.05663299560547,-19.54911613464355,-17.50222778320312,2,1
1562614497.22865,27,0,309760.683807625,0.5919035254978938,0.7001336315551567,0.1808000878453889,-1.758747339248657,2.317487001419067,-0.0408192090690136,-0.0295485258102417,-0.08429725468158722,-0.1242721080780029,2,-0.01850124634802341,0.3514432609081268,0.3024584352970123,0.8858127593994141,0.6338175535202026,-0.1798166781663895,-0.752290666103363,34.94631195068359,-19.37884330749512,-14.82992553710938,2,1
1562614497.249684,28,0,309760.718781625,0.6254267662865809,0.7642456669009368,0.1408211886092553,-1.064426422119141,1.740008234977722,-0.03441144526004791,0.1288691759109497,-0.06573200225830078,-0.2633395195007324,2,-0.05232010036706924,0.3740098476409912,0.3097071647644043,0.8726171851158142,0.6851426362991333,-0.1403562277555466,-0.7147584557533264,36.1930046081543,-18.41967582702637,-13.50384521484375,2,1
1562614497.283672,29,0,309760.753693625,0.6453609749461424,0.8112306782539468,0.1362367575568054,-0.4655934572219849,1.230671644210815,0.4939523339271545,0.1439934968948364,-0.08029790222644806,-0.2303231358528137,2,-0.06552142649888992,0.3931843638420105,0.3161752223968506,0.860898494720459,0.718416154384613,-0.1358157098293304,-0.6822260022163391,36.77927398681641,-18.37864112854004,-12.6373291015625,2,1
1562614497.31561,30,0,309760.788666625,0.6737174094548121,0.8380023690682717,0.1272242136764154,-0.8532087206840515,0.6659080982208252,0.3082393407821655,0.2051699161529541,-0.1229855269193649,-0.2178346514701843,2,-0.07939460128545761,0.4023993611335754,0.3257310390472412,0.8518629670143127,0.7373008131980896,-0.1268812865018845,-0.6635425090789795,37.12907791137695,-18.52612495422363,-11.42355346679688,2,1
1562614497.349616,31,0,309760.8235852917,0.7080885701488554,0.8453504622829481,0.1349517997907184,-0.3775494396686554,0.1634977012872696,1.090415596961975,0.1829878687858582,-0.04986336827278137,-0.1664611101150513,2,-0.08421368151903152,0.4052032828330994,0.3414060473442078,0.8438958525657654,0.7414008378982544,-0.1345425546169281,-0.657436728477478,37.00507354736328,-18.93860054016113,-11.10595703125,2,1
1562614497.38887,32,0,309760.8585582917,0.740924114554837,0.8359652641412987,0.1618113166774734,-0.1830667555332184,-0.1629689186811447,1.165312886238098,-0.04968386888504028,0.006762370467185974,0.0277475118637085,2,-0.07763100415468216,0.403883159160614,0.3603748977184296,0.8372465372085571,0.7322520613670349,-0.1611061245203018,-0.6617036461830139,36.00944900512695,-20.21753883361816,-11.4088134765625,2,1
1562614497.415374,33,0,309760.8935012917,0.7783370287589021,0.8405759194233887,0.1758375693109658,-0.7445685863494873,0.642385721206665,0.9035532474517822,-0.1049109697341919,0.005361959338188171,0.103007435798645,2,-0.08004425466060638,0.4064710140228271,0.3782087862491608,0.8278480768203735,0.7335394024848938,-0.1749328523874283,-0.6567484736442566,35.80854415893555,-21.0106258392334,-11.35952758789062,2,1
1562614497.468693,34,0,309760.8935012917,0.7783370287589021,0.8405759194233887,0.1758375693109658,-0.7445685863494873,0.642385721206665,0.9035532474517822,-0.1049109697341919,0.005361959338188171,0.103007435798645,2,-0.08004425466060638,0.4064710140228271,0.3782087862491608,0.8278480768203735,0.7335394024848938,-0.1749328523874283,-0.6567484736442566,35.80854415893555,-21.0106258392334,-11.35952758789062,2,1
1562614497.481301,35,0,309760.9284432917,0.821413339116955,0.8737335671952593,0.1695558341939336,-1.080609679222107,1.304045796394348,0.5814697742462158,-0.1908301115036011,-0.0518827885389328,0.2127932906150818,2,-0.09797676652669907,0.4171562194824219,0.3933079242706299,0.8134434819221497,0.7557361125946045,-0.1687445640563965,-0.6327624917030334,35.71547317504883,-21.42577934265137,-11.18362426757812,2,1
1562614497.513264,36,0,309760.9633862917,0.8704882155616582,0.9088778828092542,0.1581526849282588,-1.504538059234619,1.15215265750885,0.5930553674697876,-0.1344764232635498,0.06102669239044189,0.2354052662849426,2,-0.1201410964131355,0.4267151355743408,0.4090976417064667,0.7975709438323975,0.7789700627326965,-0.1574942171573639,-0.6069605946540833,35.77237701416016,-21.57554054260254,-10.66256713867188,2,1
1562614497.547213,37,0,309760.9983292917,0.9315170423980882,0.9352676883717469,0.1335322273311826,-1.909884810447693,0.8857607841491699,0.4880181849002838,-0.114802360534668,0.08964458107948303,0.2025404572486877,2,-0.1487824022769928,0.4286075830459595,0.4268615543842316,0.7822714447975159,0.7975939512252808,-0.1331357508897781,-0.5883186459541321,35.91378784179688,-21.23917961120605,-10.49856567382812,2,1
1562614497.579265,38,0,309761.0332712917,0.9866281010356667,0.9119849848300264,0.1096463363980735,-1.340484380722046,-1.295708656311035,0.280970424413681,-0.1761013269424438,-0.02534452080726624,0.1650007367134094,2,-0.1648839116096497,0.4105638861656189,0.4457761347293854,0.7781608104705811,0.7859720587730408,-0.1094267666339874,-0.6085011959075928,35.28955078125,-21.32137107849121,-12.21978759765625,2,1
1562614497.632647,39,0,309761.0682442917,1.016633720865673,0.8300626849958503,0.09520783313832604,-0.7916339039802551,-2.667457818984985,0.2559799253940582,-0.07379186153411865,0.00947059690952301,0.06165242195129395,2,-0.1579869091510773,0.373032808303833,0.4616449177265167,0.7891582250595093,0.7346315383911133,-0.09506405889987946,-0.6717733144760132,34.68422698974609,-21.3847484588623,-13.85171508789062,2,1
1562614497.645303,40,0,309761.1031562917,1.038667471568599,0.7228753771999145,0.08187003019267079,-0.6800717711448669,-3.217139005661011,0.08532650023698807,-0.01117706298828125,0.02015551924705505,0.02061188220977783,2,-0.1421225666999817,0.3257356882095337,0.4764098823070526,0.8041960000991821,0.6593278646469116,-0.08177860081195831,-0.747394859790802,32.86482238769531,-20.95552635192871,-17.710205078125,2,1
1562614497.679298,41,0,309761.1381302917,1.042841208469313,0.6199054020939579,0.07068796130423291,-0.05235299840569496,-2.408400535583496,-0.1890937089920044,0.03604245185852051,-0.05846929550170898,-0.03297966718673706,2,-0.1226554438471794,0.2810787558555603,0.4834260046482086,0.8199083805084229,0.5795072913169861,-0.07062910497188568,-0.8119007349014282,30.51688766479492,-20.6793041229248,-21.37249755859375,2,1
1562614497.716069,42,0,309761.1730422917,1.026261001587816,0.5707822270123148,0.07343124957398604,0.4536701142787933,-1.092661380767822,-0.4273712933063507,-0.01332294940948486,-0.05008719861507416,-0.03174424171447754,2,-0.1074268743395805,0.2624004483222961,0.4797365069389343,0.830336332321167,0.5388344526290894,-0.07336527854204178,-0.8392109274864197,29.30813598632812,-20.62940788269043,-23.21347045898438,2,1
1562614497.744969,43,0,309761.2080152917,1.000106931746163,0.5267048120119074,0.08106506184194072,0.6043279767036438,-1.608495593070984,-0.5275118947029114,-0.1170930862426758,-0.06160999834537506,-0.06901633739471436,2,-0.09037932008504868,0.2470160126686096,0.471818208694458,0.8415476083755493,0.5010367035865784,-0.08097630739212036,-0.86162930727005,28.38435363769531,-20.56918907165527,-24.1497802734375,2,1
1562614497.794158,44,0,309761.2429272917,0.9748463307234214,0.4479294223374748,0.09331270778935491,0.699061393737793,-2.707848787307739,-0.4534296989440918,0.02333593368530273,-0.008804187178611755,-0.1256252527236938,2,-0.06372737884521484,0.2173167318105698,0.465308666229248,0.8556869029998779,0.4312159717082977,-0.09317734837532043,-0.8974245190620422,27.63616371154785,-20.57256889343262,-24.86572265625,2,1
1562614497.810972,45,0,309761.2779002917,0.9414331867002702,0.3495370390359986,0.1123307593216309,0.99543696641922,-2.814529895782471,-0.8462061285972595,0.1321080923080444,-0.01730524003505707,-0.3049975633621216,2,-0.02946609072387218,0.179796427488327,0.4546115398406982,0.8718562126159668,0.3403045237064362,-0.1120946705341339,-0.9336099624633789,25.47374534606934,-20.80842399597168,-26.80419921875,2,1
1562614497.842817,46,0,309761.3128432917,0.8873851067487516,0.2816291663902452,0.1344529107401067,0.9606320858001709,-1.732752084732056,-1.505215525627136,0.1313470602035522,0.06203852593898773,-0.301152229309082,2,-4.200219336780719e-05,0.1550253033638,0.4325835406780243,0.8881658911705017,0.2754127085208893,-0.1340481787919998,-0.951934278011322,23.81522369384766,-20.67341041564941,-28.23681640625,2,1
1562614497.876767,47,0,309761.3477852917,0.8239511840509283,0.256948704716892,0.135740243909183,0.4411993622779846,-0.6078355312347412,-1.69921088218689,0.2574926912784576,0.03447511792182922,-0.3673681616783142,2,0.01044741086661816,0.1440631300210953,0.4041679799556732,0.9032081961631775,0.2517929673194885,-0.135323777794838,-0.9582733511924744,23.83672523498535,-19.83175849914551,-28.74676513671875,2,1
1562614497.908752,48,0,309761.3827282917,0.7729769214006011,0.2446104249178615,0.144487407199002,0.721960723400116,-0.5189493894577026,-1.155436873435974,0.2564025223255157,-0.0233299732208252,-0.3551741242408752,2,0.02049057558178902,0.1397113054990768,0.3813031911849976,0.9136020541191101,0.2396548241376877,-0.1439851969480515,-0.960121750831604,24.33380508422852,-19.73733711242676,-28.98519897460938,2,1
1562614497.94898,49,0,309761.4176712917,0.7251980095192495,0.2371600470467425,0.1753771808880537,1.382730484008789,-0.3178332448005676,-1.077885985374451,0.07959923148155212,0.01678004860877991,-0.02326643466949463,2,0.03950562700629234,0.1410307288169861,0.3605481088161469,0.9211702942848206,0.2313392758369446,-0.1744795441627502,-0.9570992588996887,24.4747428894043,-19.2976245880127,-28.78604125976562,2,1
1562614497.974633,50,0,309761.4526132917,0.6771431759274529,0.2325134037163747,0.2160629997650827,1.378122210502625,-0.5296297669410706,-0.930044412612915,0.03293982148170471,0.1042057573795319,0.16078782081604,2,0.06271197646856308,0.1443422436714172,0.3397716283798218,0.9272474050521851,0.2250664383172989,-0.2143858373165131,-0.9504650235176086,24.82436943054199,-19.81389045715332,-27.8863525390625,2,1
1562614498.029142,51,0,309761.4526132917,0.6771431759274529,0.2325134037163747,0.2160629997650827,1.378122210502625,-0.5296297669410706,-0.930044412612915,0.03293982148170471,0.1042057573795319,0.16078782081604,2,0.06271197646856308,0.1443422436714172,0.3397716283798218,0.9272474050521851,0.2250664383172989,-0.2143858373165131,-0.9504650235176086,24.82436943054199,-19.81389045715332,-27.8863525390625,2,1
1562614498.040514,52,0,309761.4875862917,0.6499897867999225,0.2125502187908377,0.2403123688613242,0.643412172794342,-0.9278286695480347,-0.4060303270816803,0.04809655249118805,0.1355031430721283,0.1970521807670593,2,0.0793256089091301,0.1378557533025742,0.3272625803947449,0.9314518570899963,0.2048913836479187,-0.2380060255527496,-0.9494065046310425,24.44151306152344,-20.33295249938965,-28.12631225585938,2,1
1562614498.074294,53,0,309761.5224982917,0.6389398265949142,0.1781255694897202,0.2582312286253945,0.5371295809745789,-0.9777582883834839,-0.1200190857052803,0.04344215989112854,0.1475136280059814,0.1545745134353638,2,0.09405594319105148,0.1240193620324135,0.3210875391960144,0.9341710805892944,0.1713102161884308,-0.2553708255290985,-0.9515453577041626,23.98078155517578,-20.35713386535645,-28.28225708007812,2,1
1562614498.109101,54,0,309761.5574722917,0.6295929733478223,0.1568098535566882,0.2757500628845446,0.5470196008682251,-0.5543227195739746,-0.2129285037517548,0.0103631317615509,0.1194911599159241,0.1722584962844849,2,0.1062623634934425,0.1161923557519913,0.3159783780574799,0.9356096982955933,0.150268167257309,-0.2722687423229218,-0.950415313243866,22.85989952087402,-20.43667411804199,-28.59933471679688,2,1
1562614498.140304,55,0,309761.5923842917,0.6163007742110235,0.1454302850000342,0.2937951624686515,0.5692107677459717,-0.3960146605968475,-0.3001423478126526,-0.03480857610702515,0.1046300828456879,0.2895418405532837,2,0.1173091679811478,0.1127595007419586,0.3093703091144562,0.936917245388031,0.13870869576931,-0.2895868420600891,-0.9470477104187012,22.6499080657959,-20.71577644348145,-28.60128784179688,2,1
1562614498.193252,56,0,309761.6273572917,0.6048916780816842,0.1356752300197903,0.3123897711342171,0.5937706232070923,-0.3413998186588287,-0.1853662878274918,-0.06747567653656006,0.09262388944625854,0.3001210689544678,2,0.1282136738300323,0.1101491823792458,0.3036193251609802,0.9376799464225769,0.1287130564451218,-0.3073336184024811,-0.9428568482398987,22.1585693359375,-21.09072685241699,-28.45089721679688,2,1
1562614498.206143,57,0,309761.6622692917,0.5967170487154352,0.1260578468479853,0.3334756997684654,0.5984782576560974,-0.3118230700492859,-0.1093103662133217,-0.05365359783172607,0.07445895671844482,0.2982165217399597,2,0.1400605738162994,0.1080586835741997,0.2992912530899048,0.9376199841499329,0.1187981516122818,-0.3273292183876038,-0.9374127388000488,21.86475372314453,-21.51205635070801,-28.27590942382812,2,1
1562614498.23816,58,0,309761.6972422917,0.5879227891839107,0.1302154157677031,0.3411926668027413,0.03893472999334335,0.184984564781189,-0.2556869089603424,-0.06123162806034088,0.05026262998580933,0.2625126838684082,2,0.1435655355453491,0.1104528158903122,0.295506626367569,0.9380112290382385,0.1223628297448158,-0.3346112370491028,-0.9343782067298889,21.8349666595459,-21.74176979064941,-28.11691284179688,2,1
1562614498.272025,59,0,309761.7321852917,0.5782805493744885,0.1358337677378833,0.3401616919205712,0.04127920791506767,-0.04270602762699127,-0.1981247216463089,-0.07162287831306458,-0.006007015705108643,0.1609554290771484,2,0.1427908837795258,0.1122591346502304,0.2913764119148254,0.9392063021659851,0.1276571899652481,-0.333639532327652,-0.9340173006057739,22.17059135437012,-21.50813102722168,-28.00918579101562,2,1
1562614498.304055,60,0,309761.7671272917,0.573807355981495,0.1353630231536606,0.341124749669086,0.02723796479403973,-0.03137235343456268,-0.1140977516770363,-0.05603349208831787,-0.04815959930419922,0.07091391086578369,2,0.143565371632576,0.111846961081028,0.2892491221427917,0.9397947788238525,0.1271740645170212,-0.3345472514629364,-0.9337584972381592,22.00244140625,-21.63130378723145,-28.0225830078125,2,1
1562614498.353867,61,0,309761.8020702917,0.5707911454481364,0.1414755567890582,0.3397970870416995,-0.06474797427654266,0.2672431766986847,-0.06605431437492371,-0.05775812268257141,-0.09442469477653503,0.03857558965682983,2,0.1422250866889954,0.1143272891640663,0.2882566452026367,0.9400050044059753,0.132941797375679,-0.3332957923412323,-0.9334025979042053,22.05282592773438,-21.35836982727051,-28.01495361328125,2,1
1562614498.369994,62,0,309761.8370246667,0.5658255833156666,0.1574562583642503,0.3361621575141711,-0.08406315743923187,0.4260082840919495,-0.1402852684259415,-0.04796020686626434,-0.1361690163612366,-0.03225618600845337,2,0.1384976208209991,0.1210112795233727,0.2870012521743774,0.9401090145111084,0.1480296105146408,-0.329866498708725,-0.9323493838310242,22.53079414367676,-21.02185249328613,-27.56304931640625,2,1
1562614498.403871,63,0,309761.8719666667,0.5643962032970833,0.1679280619187091,0.3313178662776098,-0.2307191640138626,0.2966520190238953,-0.04289672523736954,-0.01098433136940002,-0.13264399766922,-0.1101889610290527,2,0.1347876489162445,0.1252036094665527,0.2869702279567719,0.9401087164878845,0.1580499261617661,-0.3252895176410675,-0.9323126673698425,22.68803215026855,-20.94790840148926,-27.4765625,2,1
1562614498.436256,64,0,309761.9069396667,0.5609980066156914,0.184967779801968,0.3231804234733458,-0.2859766483306885,0.6159853339195251,-0.1967853158712387,0.009749412536621094,-0.1012267172336578,-0.1199524998664856,2,0.1287060379981995,0.1319357454776764,0.2863387167453766,0.9402329325675964,0.1743936240673065,-0.3175839483737946,-0.9320554137229919,22.95945358276367,-20.5517749786377,-27.37002563476562,2,1
1562614498.46981,65,0,309761.9418516667,0.5530234744696788,0.2144202623155847,0.2983512975419935,-0.8356286287307739,0.8416029810905457,-0.4084712862968445,0.08093351125717163,-0.1120352447032928,-0.2730877995491028,2,0.1132683679461479,0.1421382278203964,0.2837188243865967,0.9415256977081299,0.2033808529376984,-0.2939447462558746,-0.9339339733123779,23.91075134277344,-19.89514350891113,-27.04959106445312,2,1
1562614498.512029,66,0,309761.9768256667,0.5453814089352884,0.2548886693559823,0.2814029585918247,-0.08020332455635071,1.238524079322815,-0.2479991316795349,0.1360694915056229,-0.1063660383224487,-0.3007239103317261,2,0.1000678986310959,0.1586566567420959,0.2816650867462158,0.9409991502761841,0.2422202974557877,-0.2777037024497986,-0.9296289682388306,25.18033599853516,-18.7421817779541,-26.21798706054688,2,1
1562614498.535682,67,0,309762.0117376667,0.5435323356780126,0.3035771514931268,0.2769696299187219,-0.2664343416690826,1.362181782722473,0.03693802654743195,0.07173061370849609,-0.009141921997070312,0.003605842590332031,2,0.09124703705310822,0.1808915287256241,0.2829132974147797,0.9375032782554626,0.2875427901744843,-0.2734420299530029,-0.9179044365882874,25.84022521972656,-18.69799613952637,-25.78427124023438,2,1
1562614498.596548,68,0,309762.0467106667,0.5566434854364375,0.342165763071556,0.2604122892796883,-0.7004651427268982,1.251825928688049,0.2540220022201538,0.02387002110481262,0.06391343474388123,0.157742977142334,2,0.07664069533348083,0.1974636614322662,0.2896940112113953,0.9333871603012085,0.3242153823375702,-0.2574789524078369,-0.9102686047554016,26.97860908508301,-18.65011405944824,-24.59646606445312,2,1
1562614498.601655,69,0,309762.0467106667,0.5566434854364375,0.342165763071556,0.2604122892796883,-0.7004651427268982,1.251825928688049,0.2540220022201538,0.02387002110481262,0.06391343474388123,0.157742977142334,2,0.07664069533348083,0.1974636614322662,0.2896940112113953,0.9333871603012085,0.3242153823375702,-0.2574789524078369,-0.9102686047554016,26.97860908508301,-18.65011405944824,-24.59646606445312,2,1
1562614498.633534,70,0,309762.0816226667,0.5746890119912361,0.3814286308591907,0.2451589340059522,-0.5160513520240784,1.30277156829834,0.3383557796478271,-0.005374014377593994,0.05892449617385864,0.1526309847831726,2,0.06181396543979645,0.2144488543272018,0.2984079420566559,0.9279782176017761,0.3611161708831787,-0.2427105158567429,-0.9003814458847046,27.60585403442383,-18.19334602355957,-23.88400268554688,2,1
1562614498.670593,71,0,309762.1165956667,0.595368792477126,0.4261356318722986,0.2268965470550487,-0.775767982006073,1.388720035552979,0.3469114005565643,0.0002495944499969482,0.08682146668434143,0.1100301742553711,2,0.04415492340922356,0.2333124577999115,0.3077172040939331,0.9213716387748718,0.4027605056762695,-0.2249547094106674,-0.8872312903404236,28.614013671875,-18.05209541320801,-22.93099975585938,2,1
1562614498.699458,72,0,309762.1515386667,0.6213838339234282,0.4625939727947392,0.2158509556748589,-0.5557412505149841,1.180583000183105,0.5926325917243958,-0.02520212531089783,0.06012961268424988,0.1131339073181152,2,0.03015276230871677,0.2490484714508057,0.3193554282188416,0.9138259291648865,0.4359149932861328,-0.2141787111759186,-0.8741313219070435,29.17348670959473,-18.02851676940918,-21.80923461914062,2,1
1562614498.754173,73,0,309762.1864806667,0.6463229221012381,0.5034115071481539,0.2087621427271525,-0.4492011964321136,1.514275074005127,0.4844744205474854,-0.1260675191879272,0.0754772424697876,0.2004625797271729,2,0.01702370122075081,0.2669239342212677,0.3304915130138397,0.9051171541213989,0.4719424843788147,-0.2072490751743317,-0.8569236397743225,29.4456615447998,-18.17502021789551,-21.30892944335938,2,1
1562614498.765372,74,0,309762.2214236667,0.6678088829500549,0.5898820359996032,0.206763661193763,-0.4152089357376099,3.389264106750488,0.4783486425876617,-0.1735523343086243,0.09952254593372345,0.2862206697463989,2,-0.001470178831368685,0.305523693561554,0.3402493596076965,0.8893162608146667,0.5444148182868958,-0.2052935808897018,-0.8133062124252319,30.3034839630127,-18.40511131286621,-19.49771118164062,2,1
1562614498.801639,75,0,309762.2563666667,0.6972029817732898,0.7877966025794644,0.1779056866774319,-1.322935104370117,7.264949321746826,0.0709160640835762,-0.2589389085769653,0.2255988121032715,0.03831851482391357,2,-0.05348006263375282,0.3873014152050018,0.3462217152118683,0.852800190448761,0.6976133584976196,-0.1769687086343765,-0.6942750215530396,33.45170593261719,-17.86102104187012,-14.65188598632812,2,1
1562614498.831347,76,0,309762.2913086667,0.6930419931949305,1.029270252652665,0.1910963143734241,1.508734941482544,6.382461547851562,0.437764585018158,-0.1126693487167358,0.1666062027215958,0.06018650531768799,2,-0.08829878270626068,0.4890527427196503,0.3384557068347931,0.7990484833717346,0.8413241505622864,-0.1899353712797165,-0.5060614943504333,36.11352157592773,-18.28986167907715,-5.951568603515625,2,1
1562614498.865054,77,0,309762.3262816667,0.6636594799877285,1.296952080220652,0.2770631148615187,1.292328357696533,8.398447036743164,3.427093029022217,-0.4547607898712158,0.1399045586585999,-0.03521782159805298,2,-0.09081955999135971,0.6014078259468079,0.3360078632831573,0.7191378474235535,0.9260224103927612,-0.2735319435596466,-0.2601208686828613,34.67642211914062,-20.75339317321777,4.92236328125,2,1
1562614498.89893,78,0,309762.3611946667,0.6856093538559921,1.557876341703383,0.4038271443768397,-0.7828801870346069,6.815598011016846,2.94557523727417,0.4489003419876099,0.4933325350284576,-0.2603173851966858,2,-0.0969267413020134,0.6961788535118103,0.3670403659343719,0.6092795729637146,0.9194871783256531,-0.3929405212402344,-0.01188042107969522,31.6029052734375,-23.14821815490723,9.712493896484375,2,1
1562614498.931032,79,0,309762.3961676667,0.7264241163246576,1.724785799451772,0.4621388445863049,-0.2234484851360321,2.870028018951416,0.0478699803352356,0.296000063419342,0.2044633328914642,0.2563145160675049,2,-0.1233447641134262,0.7439301609992981,0.3875794112682343,0.5302228331565857,0.8845093250274658,-0.4458636045455933,0.1372920274734497,25.44930267333984,-26.74752616882324,15.30953979492188,2,1
1562614498.962949,80,0,309762.4310796667,0.7262153365165003,1.812153936338481,0.4497971347422385,-0.136480987071991,2.755830764770508,0.09106063842773438,0.1833052635192871,0.2351599931716919,-0.158607006072998,2,-0.1439287811517715,0.766099214553833,0.3776539862155914,0.4997540712356567,0.8744329810142517,-0.434782862663269,0.2152470052242279,23.4953670501709,-26.57117652893066,17.776123046875,2,1
1562614499.292418,81,0,309762.4660526667,0.7288799718768032,1.891440308991611,0.4125556087539316,0.4580768048763275,2.325091361999512,-1.279277205467224,0.2518219947814941,0.1303728520870209,0.1062012910842896,2,-0.1709253340959549,0.7843160033226013,0.3593268692493439,0.4759382307529449,0.8694080710411072,-0.4009518325328827,0.2887341380119324,22.24709320068359,-26.01509666442871,20.11199951171875,2,1
1562614536.157731,82,0,309762.4660526667,0.7288799718768032,1.891440308991611,0.4125556087539316,0.4580768048763275,2.325091361999512,-1.279277205467224,0.2518219947814941,0.1303728520870209,0.1062012910842896,2,-0.1709253340959549,0.7843160033226013,0.3593268692493439,0.4759382307529449,0.8694080710411072,-0.4009518325328827,0.2887341380119324,22.24709320068359,-26.01509666442871,20.11199951171875,2,1
1562614536.297152,83,0,309762.4660526667,0.7288799718768032,1.891440308991611,0.4125556087539316,0.4580768048763275,2.325091361999512,-1.279277205467224,0.2518219947814941,0.1303728520870209,0.1062012910842896,2,-0.1709253340959549,0.7843160033226013,0.3593268692493439,0.4759382307529449,0.8694080710411072,-0.4009518325328827,0.2887341380119324,22.24709320068359,-26.01509666442871,20.11199951171875,2,1
1562614536.297582,84,0,309762.4660526667,0.7288799718768032,1.891440308991611,0.4125556087539316,0.4580768048763275,2.325091361999512,-1.279277205467224,0.2518219947814941,0.1303728520870209,0.1062012910842896,2,-0.1709253340959549,0.7843160033226013,0.3593268692493439,0.4759382307529449,0.8694080710411072,-0.4009518325328827,0.2887341380119324,22.24709320068359,-26.01509666442871,20.11199951171875,2,1
1562614536.297803,85,0,309762.4660526667,0.7288799718768032,1.891440308991611,0.4125556087539316,0.4580768048763275,2.325091361999512,-1.279277205467224,0.2518219947814941,0.1303728520870209,0.1062012910842896,2,-0.1709253340959549,0.7843160033226013,0.3593268692493439,0.4759382307529449,0.8694080710411072,-0.4009518325328827,0.2887341380119324,22.24709320068359,-26.01509666442871,20.11199951171875,2,1
1562614536.298007,86,0,309762.4660526667,0.7288799718768032,1.891440308991611,0.4125556087539316,0.4580768048763275,2.325091361999512,-1.279277205467224,0.2518219947814941,0.1303728520870209,0.1062012910842896,2,-0.1709253340959549,0.7843160033226013,0.3593268692493439,0.4759382307529449,0.8694080710411072,-0.4009518325328827,0.2887341380119324,22.24709320068359,-26.01509666442871,20.11199951171875,2,1
1562614536.303494,87,0,309762.4660526667,0.7288799718768032,1.891440308991611,0.4125556087539316,0.4580768048763275,2.325091361999512,-1.279277205467224,0.2518219947814941,0.1303728520870209,0.1062012910842896,2,-0.1709253340959549,0.7843160033226013,0.3593268692493439,0.4759382307529449,0.8694080710411072,-0.4009518325328827,0.2887341380119324,22.24709320068359,-26.01509666442871,20.11199951171875,2,1
1562614536.318375,88,0,309762.4660526667,0.7288799718768032,1.891440308991611,0.4125556087539316,0.4580768048763275,2.325091361999512,-1.279277205467224,0.2518219947814941,0.1303728520870209,0.1062012910842896,2,-0.1709253340959549,0.7843160033226013,0.3593268692493439,0.4759382307529449,0.8694080710411072,-0.4009518325328827,0.2887341380119324,22.24709320068359,-26.01509666442871,20.11199951171875,2,1
1562614536.31866,89,0,309762.7616456667,0.6926391077801,2.137670659610534,-0.4941275589663602,0.2549089193344116,0.9699618220329285,-2.968079090118408,0.1350235939025879,-0.1573696434497833,0.1816691160202026,2,-0.3992114961147308,0.7596130967140198,-0.04330087453126907,0.5116084218025208,0.7426764965057373,0.4742637574672699,0.4727637469768524,28.94312477111816,14.06727027893066,27.25271606445312,2,1
1562614536.318843,90,0,309762.7616456667,0.6926391077801,2.137670659610534,-0.4941275589663602,0.2549089193344116,0.9699618220329285,-2.968079090118408,0.1350235939025879,-0.1573696434497833,0.1816691160202026,2,-0.3992114961147308,0.7596130967140198,-0.04330087453126907,0.5116084218025208,0.7426764965057373,0.4742637574672699,0.4727637469768524,28.94312477111816,14.06727027893066,27.25271606445312,2,1
1562614536.318996,91,0,309762.7616456667,0.6926391077801,2.137670659610534,-0.4941275589663602,0.2549089193344116,0.9699618220329285,-2.968079090118408,0.1350235939025879,-0.1573696434497833,0.1816691160202026,2,-0.3992114961147308,0.7596130967140198,-0.04330087453126907,0.5116084218025208,0.7426764965057373,0.4742637574672699,0.4727637469768524,28.94312477111816,14.06727027893066,27.25271606445312,2,1
1562614536.31915,92,0,309762.7616456667,0.6926391077801,2.137670659610534,-0.4941275589663602,0.2549089193344116,0.9699618220329285,-2.968079090118408,0.1350235939025879,-0.1573696434497833,0.1816691160202026,2,-0.3992114961147308,0.7596130967140198,-0.04330087453126907,0.5116084218025208,0.7426764965057373,0.4742637574672699,0.4727637469768524,28.94312477111816,14.06727027893066,27.25271606445312,2,1
1562614536.319293,93,0,309762.7616456667,0.6926391077801,2.137670659610534,-0.4941275589663602,0.2549089193344116,0.9699618220329285,-2.968079090118408,0.1350235939025879,-0.1573696434497833,0.1816691160202026,2,-0.3992114961147308,0.7596130967140198,-0.04330087453126907,0.5116084218025208,0.7426764965057373,0.4742637574672699,0.4727637469768524,28.94312477111816,14.06727027893066,27.25271606445312,2,1
1562614536.319446,94,0,309762.7616456667,0.6926391077801,2.137670659610534,-0.4941275589663602,0.2549089193344116,0.9699618220329285,-2.968079090118408,0.1350235939025879,-0.1573696434497833,0.1816691160202026,2,-0.3992114961147308,0.7596130967140198,-0.04330087453126907,0.5116084218025208,0.7426764965057373,0.4742637574672699,0.4727637469768524,28.94312477111816,14.06727027893066,27.25271606445312,2,1
1562614536.319594,95,0,309762.7616456667,0.6926391077801,2.137670659610534,-0.4941275589663602,0.2549089193344116,0.9699618220329285,-2.968079090118408,0.1350235939025879,-0.1573696434497833,0.1816691160202026,2,-0.3992114961147308,0.7596130967140198,-0.04330087453126907,0.5116084218025208,0.7426764965057373,0.4742637574672699,0.4727637469768524,28.94312477111816,14.06727027893066,27.25271606445312,2,1
1562614536.319729,96,0,309762.7616456667,0.6926391077801,2.137670659610534,-0.4941275589663602,0.2549089193344116,0.9699618220329285,-2.968079090118408,0.1350235939025879,-0.1573696434497833,0.1816691160202026,2,-0.3992114961147308,0.7596130967140198,-0.04330087453126907,0.5116084218025208,0.7426764965057373,0.4742637574672699,0.4727637469768524,28.94312477111816,14.06727027893066,27.25271606445312,2,1
1562614536.31988,97,0,309762.7616456667,0.6926391077801,2.137670659610534,-0.4941275589663602,0.2549089193344116,0.9699618220329285,-2.968079090118408,0.1350235939025879,-0.1573696434497833,0.1816691160202026,2,-0.3992114961147308,0.7596130967140198,-0.04330087453126907,0.5116084218025208,0.7426764965057373,0.4742637574672699,0.4727637469768524,28.94312477111816,14.06727027893066,27.25271606445312,2,1
1562614536.320015,98,0,309762.7616456667,0.6926391077801,2.137670659610534,-0.4941275589663602,0.2549089193344116,0.9699618220329285,-2.968079090118408,0.1350235939025879,-0.1573696434497833,0.1816691160202026,2,-0.3992114961147308,0.7596130967140198,-0.04330087453126907,0.5116084218025208,0.7426764965057373,0.4742637574672699,0.4727637469768524,28.94312477111816,14.06727027893066,27.25271606445312,2,1
1562614536.320164,99,0,309762.7616456667,0.6926391077801,2.137670659610534,-0.4941275589663602,0.2549089193344116,0.9699618220329285,-2.968079090118408,0.1350235939025879,-0.1573696434497833,0.1816691160202026,2,-0.3992114961147308,0.7596130967140198,-0.04330087453126907,0.5116084218025208,0.7426764965057373,0.4742637574672699,0.4727637469768524,28.94312477111816,14.06727027893066,27.25271606445312,2,1
1562614536.320315,100,0,309762.7616456667,0.6926391077801,2.137670659610534,-0.4941275589663602,0.2549089193344116,0.9699618220329285,-2.968079090118408,0.1350235939025879,-0.1573696434497833,0.1816691160202026,2,-0.3992114961147308,0.7596130967140198,-0.04330087453126907,0.5116084218025208,0.7426764965057373,0.4742637574672699,0.4727637469768524,28.94312477111816,14.06727027893066,27.25271606445312,2,1
1562614536.320464,101,0,309762.7616456667,0.6926391077801,2.137670659610534,-0.4941275589663602,0.2549089193344116,0.9699618220329285,-2.968079090118408,0.1350235939025879,-0.1573696434497833,0.1816691160202026,2,-0.3992114961147308,0.7596130967140198,-0.04330087453126907,0.5116084218025208,0.7426764965057373,0.4742637574672699,0.4727637469768524,28.94312477111816,14.06727027893066,27.25271606445312,2,1
1562614536.320617,102,0,309762.7616456667,0.6926391077801,2.137670659610534,-0.4941275589663602,0.2549089193344116,0.9699618220329285,-2.968079090118408,0.1350235939025879,-0.1573696434497833,0.1816691160202026,2,-0.3992114961147308,0.7596130967140198,-0.04330087453126907,0.5116084218025208,0.7426764965057373,0.4742637574672699,0.4727637469768524,28.94312477111816,14.06727027893066,27.25271606445312,2,1
1562614536.320789,103,0,309762.7616456667,0.6926391077801,2.137670659610534,-0.4941275589663602,0.2549089193344116,0.9699618220329285,-2.968079090118408,0.1350235939025879,-0.1573696434497833,0.1816691160202026,2,-0.3992114961147308,0.7596130967140198,-0.04330087453126907,0.5116084218025208,0.7426764965057373,0.4742637574672699,0.4727637469768524,28.94312477111816,14.06727027893066,27.25271606445312,2,1
1562614536.32101,104,0,309762.7616456667,0.6926391077801,2.137670659610534,-0.4941275589663602,0.2549089193344116,0.9699618220329285,-2.968079090118408,0.1350235939025879,-0.1573696434497833,0.1816691160202026,2,-0.3992114961147308,0.7596130967140198,-0.04330087453126907,0.5116084218025208,0.7426764965057373,0.4742637574672699,0.4727637469768524,28.94312477111816,14.06727027893066,27.25271606445312,2,1
1562614536.321162,105,0,309762.7616456667,0.6926391077801,2.137670659610534,-0.4941275589663602,0.2549089193344116,0.9699618220329285,-2.968079090118408,0.1350235939025879,-0.1573696434497833,0.1816691160202026,2,-0.3992114961147308,0.7596130967140198,-0.04330087453126907,0.5116084218025208,0.7426764965057373,0.4742637574672699,0.4727637469768524,28.94312477111816,14.06727027893066,27.25271606445312,2,1
1562614536.321353,106,0,309762.7616456667,0.6926391077801,2.137670659610534,-0.4941275589663602,0.2549089193344116,0.9699618220329285,-2.968079090118408,0.1350235939025879,-0.1573696434497833,0.1816691160202026,2,-0.3992114961147308,0.7596130967140198,-0.04330087453126907,0.5116084218025208,0.7426764965057373,0.4742637574672699,0.4727637469768524,28.94312477111816,14.06727027893066,27.25271606445312,2,1
1562614536.321499,107,0,309762.7616456667,0.6926391077801,2.137670659610534,-0.4941275589663602,0.2549089193344116,0.9699618220329285,-2.968079090118408,0.1350235939025879,-0.1573696434497833,0.1816691160202026,2,-0.3992114961147308,0.7596130967140198,-0.04330087453126907,0.5116084218025208,0.7426764965057373,0.4742637574672699,0.4727637469768524,28.94312477111816,14.06727027893066,27.25271606445312,2,1
1562614536.321651,108,0,309762.7616456667,0.6926391077801,2.137670659610534,-0.4941275589663602,0.2549089193344116,0.9699618220329285,-2.968079090118408,0.1350235939025879,-0.1573696434497833,0.1816691160202026,2,-0.3992114961147308,0.7596130967140198,-0.04330087453126907,0.5116084218025208,0.7426764965057373,0.4742637574672699,0.4727637469768524,28.94312477111816,14.06727027893066,27.25271606445312,2,1
1562614536.321787,109,0,309762.7616456667,0.6926391077801,2.137670659610534,-0.4941275589663602,0.2549089193344116,0.9699618220329285,-2.968079090118408,0.1350235939025879,-0.1573696434497833,0.1816691160202026,2,-0.3992114961147308,0.7596130967140198,-0.04330087453126907,0.5116084218025208,0.7426764965057373,0.4742637574672699,0.4727637469768524,28.94312477111816,14.06727027893066,27.25271606445312,2,1
1562614536.321949,110,0,309762.7616456667,0.6926391077801,2.137670659610534,-0.4941275589663602,0.2549089193344116,0.9699618220329285,-2.968079090118408,0.1350235939025879,-0.1573696434497833,0.1816691160202026,2,-0.3992114961147308,0.7596130967140198,-0.04330087453126907,0.5116084218025208,0.7426764965057373,0.4742637574672699,0.4727637469768524,28.94312477111816,14.06727027893066,27.25271606445312,2,1
1562614536.322122,111,0,309762.7616456667,0.6926391077801,2.137670659610534,-0.4941275589663602,0.2549089193344116,0.9699618220329285,-2.968079090118408,0.1350235939025879,-0.1573696434497833,0.1816691160202026,2,-0.3992114961147308,0.7596130967140198,-0.04330087453126907,0.5116084218025208,0.7426764965057373,0.4742637574672699,0.4727637469768524,28.94312477111816,14.06727027893066,27.25271606445312,2,1
1562614536.3226,112,0,309762.7616456667,0.6926391077801,2.137670659610534,-0.4941275589663602,0.2549089193344116,0.9699618220329285,-2.968079090118408,0.1350235939025879,-0.1573696434497833,0.1816691160202026,2,-0.3992114961147308,0.7596130967140198,-0.04330087453126907,0.5116084218025208,0.7426764965057373,0.4742637574672699,0.4727637469768524,28.94312477111816,14.06727027893066,27.25271606445312,2,1
1562614536.322795,113,0,309762.7616456667,0.6926391077801,2.137670659610534,-0.4941275589663602,0.2549089193344116,0.9699618220329285,-2.968079090118408,0.1350235939025879,-0.1573696434497833,0.1816691160202026,2,-0.3992114961147308,0.7596130967140198,-0.04330087453126907,0.5116084218025208,0.7426764965057373,0.4742637574672699,0.4727637469768524,28.94312477111816,14.06727027893066,27.25271606445312,2,1
1562614536.322939,114,0,309762.7616456667,0.6926391077801,2.137670659610534,-0.4941275589663602,0.2549089193344116,0.9699618220329285,-2.968079090118408,0.1350235939025879,-0.1573696434497833,0.1816691160202026,2,-0.3992114961147308,0.7596130967140198,-0.04330087453126907,0.5116084218025208,0.7426764965057373,0.4742637574672699,0.4727637469768524,28.94312477111816,14.06727027893066,27.25271606445312,2,1
1562614536.323099,115,0,309762.7616456667,0.6926391077801,2.137670659610534,-0.4941275589663602,0.2549089193344116,0.9699618220329285,-2.968079090118408,0.1350235939025879,-0.1573696434497833,0.1816691160202026,2,-0.3992114961147308,0.7596130967140198,-0.04330087453126907,0.5116084218025208,0.7426764965057373,0.4742637574672699,0.4727637469768524,28.94312477111816,14.06727027893066,27.25271606445312,2,1
1562614536.323233,116,0,309762.7616456667,0.6926391077801,2.137670659610534,-0.4941275589663602,0.2549089193344116,0.9699618220329285,-2.968079090118408,0.1350235939025879,-0.1573696434497833,0.1816691160202026,2,-0.3992114961147308,0.7596130967140198,-0.04330087453126907,0.5116084218025208,0.7426764965057373,0.4742637574672699,0.4727637469768524,28.94312477111816,14.06727027893066,27.25271606445312,2,1
1562614536.323397,117,0,309762.7616456667,0.6926391077801,2.137670659610534,-0.4941275589663602,0.2549089193344116,0.9699618220329285,-2.968079090118408,0.1350235939025879,-0.1573696434497833,0.1816691160202026,2,-0.3992114961147308,0.7596130967140198,-0.04330087453126907,0.5116084218025208,0.7426764965057373,0.4742637574672699,0.4727637469768524,28.94312477111816,14.06727027893066,27.25271606445312,2,1
1562614536.323546,118,0,309762.7616456667,0.6926391077801,2.137670659610534,-0.4941275589663602,0.2549089193344116,0.9699618220329285,-2.968079090118408,0.1350235939025879,-0.1573696434497833,0.1816691160202026,2,-0.3992114961147308,0.7596130967140198,-0.04330087453126907,0.5116084218025208,0.7426764965057373,0.4742637574672699,0.4727637469768524,28.94312477111816,14.06727027893066,27.25271606445312,2,1
1562614536.323682,119,0,309762.7616456667,0.6926391077801,2.137670659610534,-0.4941275589663602,0.2549089193344116,0.9699618220329285,-2.968079090118408,0.1350235939025879,-0.1573696434497833,0.1816691160202026,2,-0.3992114961147308,0.7596130967140198,-0.04330087453126907,0.5116084218025208,0.7426764965057373,0.4742637574672699,0.4727637469768524,28.94312477111816,14.06727027893066,27.25271606445312,2,1
1562614536.323846,120,0,309762.7616456667,0.6926391077801,2.137670659610534,-0.4941275589663602,0.2549089193344116,0.9699618220329285,-2.968079090118408,0.1350235939025879,-0.1573696434497833,0.1816691160202026,2,-0.3992114961147308,0.7596130967140198,-0.04330087453126907,0.5116084218025208,0.7426764965057373,0.4742637574672699,0.4727637469768524,28.94312477111816,14.06727027893066,27.25271606445312,2,1
1562614536.323981,121,0,309762.7616456667,0.6926391077801,2.137670659610534,-0.4941275589663602,0.2549089193344116,0.9699618220329285,-2.968079090118408,0.1350235939025879,-0.1573696434497833,0.1816691160202026,2,-0.3992114961147308,0.7596130967140198,-0.04330087453126907,0.5116084218025208,0.7426764965057373,0.4742637574672699,0.4727637469768524,28.94312477111816,14.06727027893066,27.25271606445312,2,1
1562614536.324128,122,0,309762.7616456667,0.6926391077801,2.137670659610534,-0.4941275589663602,0.2549089193344116,0.9699618220329285,-2.968079090118408,0.1350235939025879,-0.1573696434497833,0.1816691160202026,2,-0.3992114961147308,0.7596130967140198,-0.04330087453126907,0.5116084218025208,0.7426764965057373,0.4742637574672699,0.4727637469768524,28.94312477111816,14.06727027893066,27.25271606445312,2,1
1562614536.339166,123,0,309762.7616456667,0.6926391077801,2.137670659610534,-0.4941275589663602,0.2549089193344116,0.9699618220329285,-2.968079090118408,0.1350235939025879,-0.1573696434497833,0.1816691160202026,2,-0.3992114961147308,0.7596130967140198,-0.04330087453126907,0.5116084218025208,0.7426764965057373,0.4742637574672699,0.4727637469768524,28.94312477111816,14.06727027893066,27.25271606445312,2,1
1562614536.339471,124,0,309762.7616456667,0.6926391077801,2.137670659610534,-0.4941275589663602,0.2549089193344116,0.9699618220329285,-2.968079090118408,0.1350235939025879,-0.1573696434497833,0.1816691160202026,2,-0.3992114961147308,0.7596130967140198,-0.04330087453126907,0.5116084218025208,0.7426764965057373,0.4742637574672699,0.4727637469768524,28.94312477111816,14.06727027893066,27.25271606445312,2,1
1562614536.339635,125,0,309762.7616456667,0.6926391077801,2.137670659610534,-0.4941275589663602,0.2549089193344116,0.9699618220329285,-2.968079090118408,0.1350235939025879,-0.1573696434497833,0.1816691160202026,2,-0.3992114961147308,0.7596130967140198,-0.04330087453126907,0.5116084218025208,0.7426764965057373,0.4742637574672699,0.4727637469768524,28.94312477111816,14.06727027893066,27.25271606445312,2,1
1562614536.339798,126,0,309762.7616456667,0.6926391077801,2.137670659610534,-0.4941275589663602,0.2549089193344116,0.9699618220329285,-2.968079090118408,0.1350235939025879,-0.1573696434497833,0.1816691160202026,2,-0.3992114961147308,0.7596130967140198,-0.04330087453126907,0.5116084218025208,0.7426764965057373,0.4742637574672699,0.4727637469768524,28.94312477111816,14.06727027893066,27.25271606445312,2,1
1562614536.33994,127,0,309762.7616456667,0.6926391077801,2.137670659610534,-0.4941275589663602,0.2549089193344116,0.9699618220329285,-2.968079090118408,0.1350235939025879,-0.1573696434497833,0.1816691160202026,2,-0.3992114961147308,0.7596130967140198,-0.04330087453126907,0.5116084218025208,0.7426764965057373,0.4742637574672699,0.4727637469768524,28.94312477111816,14.06727027893066,27.25271606445312,2,1
1562614536.340096,128,0,309762.7616456667,0.6926391077801,2.137670659610534,-0.4941275589663602,0.2549089193344116,0.9699618220329285,-2.968079090118408,0.1350235939025879,-0.1573696434497833,0.1816691160202026,2,-0.3992114961147308,0.7596130967140198,-0.04330087453126907,0.5116084218025208,0.7426764965057373,0.4742637574672699,0.4727637469768524,28.94312477111816,14.06727027893066,27.25271606445312,2,1
1562614536.340359,129,0,309762.7616456667,0.6926391077801,2.137670659610534,-0.4941275589663602,0.2549089193344116,0.9699618220329285,-2.968079090118408,0.1350235939025879,-0.1573696434497833,0.1816691160202026,2,-0.3992114961147308,0.7596130967140198,-0.04330087453126907,0.5116084218025208,0.7426764965057373,0.4742637574672699,0.4727637469768524,28.94312477111816,14.06727027893066,27.25271606445312,2,1
1562614536.340546,130,0,309762.7616456667,0.6926391077801,2.137670659610534,-0.4941275589663602,0.2549089193344116,0.9699618220329285,-2.968079090118408,0.1350235939025879,-0.1573696434497833,0.1816691160202026,2,-0.3992114961147308,0.7596130967140198,-0.04330087453126907,0.5116084218025208,0.7426764965057373,0.4742637574672699,0.4727637469768524,28.94312477111816,14.06727027893066,27.25271606445312,2,1
1562614536.340706,131,0,309762.7616456667,0.6926391077801,2.137670659610534,-0.4941275589663602,0.2549089193344116,0.9699618220329285,-2.968079090118408,0.1350235939025879,-0.1573696434497833,0.1816691160202026,2,-0.3992114961147308,0.7596130967140198,-0.04330087453126907,0.5116084218025208,0.7426764965057373,0.4742637574672699,0.4727637469768524,28.94312477111816,14.06727027893066,27.25271606445312,2,1
1562614536.340856,132,0,309762.7616456667,0.6926391077801,2.137670659610534,-0.4941275589663602,0.2549089193344116,0.9699618220329285,-2.968079090118408,0.1350235939025879,-0.1573696434497833,0.1816691160202026,2,-0.3992114961147308,0.7596130967140198,-0.04330087453126907,0.5116084218025208,0.7426764965057373,0.4742637574672699,0.4727637469768524,28.94312477111816,14.06727027893066,27.25271606445312,2,1
1562614536.341009,133,0,309762.7616456667,0.6926391077801,2.137670659610534,-0.4941275589663602,0.2549089193344116,0.9699618220329285,-2.968079090118408,0.1350235939025879,-0.1573696434497833,0.1816691160202026,2,-0.3992114961147308,0.7596130967140198,-0.04330087453126907,0.5116084218025208,0.7426764965057373,0.4742637574672699,0.4727637469768524,28.94312477111816,14.06727027893066,27.25271606445312,2,1
1562614536.341151,134,0,309762.7616456667,0.6926391077801,2.137670659610534,-0.4941275589663602,0.2549089193344116,0.9699618220329285,-2.968079090118408,0.1350235939025879,-0.1573696434497833,0.1816691160202026,2,-0.3992114961147308,0.7596130967140198,-0.04330087453126907,0.5116084218025208,0.7426764965057373,0.4742637574672699,0.4727637469768524,28.94312477111816,14.06727027893066,27.25271606445312,2,1
1562614536.341302,135,0,309762.7616456667,0.6926391077801,2.137670659610534,-0.4941275589663602,0.2549089193344116,0.9699618220329285,-2.968079090118408,0.1350235939025879,-0.1573696434497833,0.1816691160202026,2,-0.3992114961147308,0.7596130967140198,-0.04330087453126907,0.5116084218025208,0.7426764965057373,0.4742637574672699,0.4727637469768524,28.94312477111816,14.06727027893066,27.25271606445312,2,1
1562614536.341452,136,0,309762.7616456667,0.6926391077801,2.137670659610534,-0.4941275589663602,0.2549089193344116,0.9699618220329285,-2.968079090118408,0.1350235939025879,-0.1573696434497833,0.1816691160202026,2,-0.3992114961147308,0.7596130967140198,-0.04330087453126907,0.5116084218025208,0.7426764965057373,0.4742637574672699,0.4727637469768524,28.94312477111816,14.06727027893066,27.25271606445312,2,1
1562614536.341589,137,0,309762.7616456667,0.6926391077801,2.137670659610534,-0.4941275589663602,0.2549089193344116,0.9699618220329285,-2.968079090118408,0.1350235939025879,-0.1573696434497833,0.1816691160202026,2,-0.3992114961147308,0.7596130967140198,-0.04330087453126907,0.5116084218025208,0.7426764965057373,0.4742637574672699,0.4727637469768524,28.94312477111816,14.06727027893066,27.25271606445312,2,1
1562614536.341752,138,0,309762.7616456667,0.6926391077801,2.137670659610534,-0.4941275589663602,0.2549089193344116,0.9699618220329285,-2.968079090118408,0.1350235939025879,-0.1573696434497833,0.1816691160202026,2,-0.3992114961147308,0.7596130967140198,-0.04330087453126907,0.5116084218025208,0.7426764965057373,0.4742637574672699,0.4727637469768524,28.94312477111816,14.06727027893066,27.25271606445312,2,1
1562614536.341887,139,0,309762.7616456667,0.6926391077801,2.137670659610534,-0.4941275589663602,0.2549089193344116,0.9699618220329285,-2.968079090118408,0.1350235939025879,-0.1573696434497833,0.1816691160202026,2,-0.3992114961147308,0.7596130967140198,-0.04330087453126907,0.5116084218025208,0.7426764965057373,0.4742637574672699,0.4727637469768524,28.94312477111816,14.06727027893066,27.25271606445312,2,1
1562614536.342485,140,0,309762.7616456667,0.6926391077801,2.137670659610534,-0.4941275589663602,0.2549089193344116,0.9699618220329285,-2.968079090118408,0.1350235939025879,-0.1573696434497833,0.1816691160202026,2,-0.3992114961147308,0.7596130967140198,-0.04330087453126907,0.5116084218025208,0.7426764965057373,0.4742637574672699,0.4727637469768524,28.94312477111816,14.06727027893066,27.25271606445312,2,1
1562614536.342679,141,0,309762.7616456667,0.6926391077801,2.137670659610534,-0.4941275589663602,0.2549089193344116,0.9699618220329285,-2.968079090118408,0.1350235939025879,-0.1573696434497833,0.1816691160202026,2,-0.3992114961147308,0.7596130967140198,-0.04330087453126907,0.5116084218025208,0.7426764965057373,0.4742637574672699,0.4727637469768524,28.94312477111816,14.06727027893066,27.25271606445312,2,1
1562614536.342895,142,0,309762.7616456667,0.6926391077801,2.137670659610534,-0.4941275589663602,0.2549089193344116,0.9699618220329285,-2.968079090118408,0.1350235939025879,-0.1573696434497833,0.1816691160202026,2,-0.3992114961147308,0.7596130967140198,-0.04330087453126907,0.5116084218025208,0.7426764965057373,0.4742637574672699,0.4727637469768524,28.94312477111816,14.06727027893066,27.25271606445312,2,1
1562614536.34306,143,0,309762.7616456667,0.6926391077801,2.137670659610534,-0.4941275589663602,0.2549089193344116,0.9699618220329285,-2.968079090118408,0.1350235939025879,-0.1573696434497833,0.1816691160202026,2,-0.3992114961147308,0.7596130967140198,-0.04330087453126907,0.5116084218025208,0.7426764965057373,0.4742637574672699,0.4727637469768524,28.94312477111816,14.06727027893066,27.25271606445312,2,1
1562614536.344877,144,0,309762.7616456667,0.6926391077801,2.137670659610534,-0.4941275589663602,0.2549089193344116,0.9699618220329285,-2.968079090118408,0.1350235939025879,-0.1573696434497833,0.1816691160202026,2,-0.3992114961147308,0.7596130967140198,-0.04330087453126907,0.5116084218025208,0.7426764965057373,0.4742637574672699,0.4727637469768524,28.94312477111816,14.06727027893066,27.25271606445312,2,1
1562614536.345957,145,0,309762.7616456667,0.6926391077801,2.137670659610534,-0.4941275589663602,0.2549089193344116,0.9699618220329285,-2.968079090118408,0.1350235939025879,-0.1573696434497833,0.1816691160202026,2,-0.3992114961147308,0.7596130967140198,-0.04330087453126907,0.5116084218025208,0.7426764965057373,0.4742637574672699,0.4727637469768524,28.94312477111816,14.06727027893066,27.25271606445312,2,1
1562614536.350906,146,0,309762.7616456667,0.6926391077801,2.137670659610534,-0.4941275589663602,0.2549089193344116,0.9699618220329285,-2.968079090118408,0.1350235939025879,-0.1573696434497833,0.1816691160202026,2,-0.3992114961147308,0.7596130967140198,-0.04330087453126907,0.5116084218025208,0.7426764965057373,0.4742637574672699,0.4727637469768524,28.94312477111816,14.06727027893066,27.25271606445312,2,1
1562614536.351102,147,0,309762.7616456667,0.6926391077801,2.137670659610534,-0.4941275589663602,0.2549089193344116,0.9699618220329285,-2.968079090118408,0.1350235939025879,-0.1573696434497833,0.1816691160202026,2,-0.3992114961147308,0.7596130967140198,-0.04330087453126907,0.5116084218025208,0.7426764965057373,0.4742637574672699,0.4727637469768524,28.94312477111816,14.06727027893066,27.25271606445312,2,1
1562614536.351326,148,0,309762.7616456667,0.6926391077801,2.137670659610534,-0.4941275589663602,0.2549089193344116,0.9699618220329285,-2.968079090118408,0.1350235939025879,-0.1573696434497833,0.1816691160202026,2,-0.3992114961147308,0.7596130967140198,-0.04330087453126907,0.5116084218025208,0.7426764965057373,0.4742637574672699,0.4727637469768524,28.94312477111816,14.06727027893066,27.25271606445312,2,1
1562614536.351484,149,0,309762.7616456667,0.6926391077801,2.137670659610534,-0.4941275589663602,0.2549089193344116,0.9699618220329285,-2.968079090118408,0.1350235939025879,-0.1573696434497833,0.1816691160202026,2,-0.3992114961147308,0.7596130967140198,-0.04330087453126907,0.5116084218025208,0.7426764965057373,0.4742637574672699,0.4727637469768524,28.94312477111816,14.06727027893066,27.25271606445312,2,1
1562614536.351642,150,0,309762.7616456667,0.6926391077801,2.137670659610534,-0.4941275589663602,0.2549089193344116,0.9699618220329285,-2.968079090118408,0.1350235939025879,-0.1573696434497833,0.1816691160202026,2,-0.3992114961147308,0.7596130967140198,-0.04330087453126907,0.5116084218025208,0.7426764965057373,0.4742637574672699,0.4727637469768524,28.94312477111816,14.06727027893066,27.25271606445312,2,1
1562614536.351794,151,0,309762.7616456667,0.6926391077801,2.137670659610534,-0.4941275589663602,0.2549089193344116,0.9699618220329285,-2.968079090118408,0.1350235939025879,-0.1573696434497833,0.1816691160202026,2,-0.3992114961147308,0.7596130967140198,-0.04330087453126907,0.5116084218025208,0.7426764965057373,0.4742637574672699,0.4727637469768524,28.94312477111816,14.06727027893066,27.25271606445312,2,1
1562614536.351941,152,0,309762.7616456667,0.6926391077801,2.137670659610534,-0.4941275589663602,0.2549089193344116,0.9699618220329285,-2.968079090118408,0.1350235939025879,-0.1573696434497833,0.1816691160202026,2,-0.3992114961147308,0.7596130967140198,-0.04330087453126907,0.5116084218025208,0.7426764965057373,0.4742637574672699,0.4727637469768524,28.94312477111816,14.06727027893066,27.25271606445312,2,1
1562614536.352073,153,0,309762.7616456667,0.6926391077801,2.137670659610534,-0.4941275589663602,0.2549089193344116,0.9699618220329285,-2.968079090118408,0.1350235939025879,-0.1573696434497833,0.1816691160202026,2,-0.3992114961147308,0.7596130967140198,-0.04330087453126907,0.5116084218025208,0.7426764965057373,0.4742637574672699,0.4727637469768524,28.94312477111816,14.06727027893066,27.25271606445312,2,1
1562614536.35222,154,0,309762.7616456667,0.6926391077801,2.137670659610534,-0.4941275589663602,0.2549089193344116,0.9699618220329285,-2.968079090118408,0.1350235939025879,-0.1573696434497833,0.1816691160202026,2,-0.3992114961147308,0.7596130967140198,-0.04330087453126907,0.5116084218025208,0.7426764965057373,0.4742637574672699,0.4727637469768524,28.94312477111816,14.06727027893066,27.25271606445312,2,1
1562614536.352417,155,0,309762.7616456667,0.6926391077801,2.137670659610534,-0.4941275589663602,0.2549089193344116,0.9699618220329285,-2.968079090118408,0.1350235939025879,-0.1573696434497833,0.1816691160202026,2,-0.3992114961147308,0.7596130967140198,-0.04330087453126907,0.5116084218025208,0.7426764965057373,0.4742637574672699,0.4727637469768524,28.94312477111816,14.06727027893066,27.25271606445312,2,1
1562614536.352597,156,0,309762.7616456667,0.6926391077801,2.137670659610534,-0.4941275589663602,0.2549089193344116,0.9699618220329285,-2.968079090118408,0.1350235939025879,-0.1573696434497833,0.1816691160202026,2,-0.3992114961147308,0.7596130967140198,-0.04330087453126907,0.5116084218025208,0.7426764965057373,0.4742637574672699,0.4727637469768524,28.94312477111816,14.06727027893066,27.25271606445312,2,1
1562614536.352731,157,0,309762.7616456667,0.6926391077801,2.137670659610534,-0.4941275589663602,0.2549089193344116,0.9699618220329285,-2.968079090118408,0.1350235939025879,-0.1573696434497833,0.1816691160202026,2,-0.3992114961147308,0.7596130967140198,-0.04330087453126907,0.5116084218025208,0.7426764965057373,0.4742637574672699,0.4727637469768524,28.94312477111816,14.06727027893066,27.25271606445312,2,1
1562614536.3529,158,0,309762.7616456667,0.6926391077801,2.137670659610534,-0.4941275589663602,0.2549089193344116,0.9699618220329285,-2.968079090118408,0.1350235939025879,-0.1573696434497833,0.1816691160202026,2,-0.3992114961147308,0.7596130967140198,-0.04330087453126907,0.5116084218025208,0.7426764965057373,0.4742637574672699,0.4727637469768524,28.94312477111816,14.06727027893066,27.25271606445312,2,1
1562614536.353041,159,0,309762.7616456667,0.6926391077801,2.137670659610534,-0.4941275589663602,0.2549089193344116,0.9699618220329285,-2.968079090118408,0.1350235939025879,-0.1573696434497833,0.1816691160202026,2,-0.3992114961147308,0.7596130967140198,-0.04330087453126907,0.5116084218025208,0.7426764965057373,0.4742637574672699,0.4727637469768524,28.94312477111816,14.06727027893066,27.25271606445312,2,1
1562614536.35319,160,0,309762.7616456667,0.6926391077801,2.137670659610534,-0.4941275589663602,0.2549089193344116,0.9699618220329285,-2.968079090118408,0.1350235939025879,-0.1573696434497833,0.1816691160202026,2,-0.3992114961147308,0.7596130967140198,-0.04330087453126907,0.5116084218025208,0.7426764965057373,0.4742637574672699,0.4727637469768524,28.94312477111816,14.06727027893066,27.25271606445312,2,1
1562614536.353361,161,0,309762.7616456667,0.6926391077801,2.137670659610534,-0.4941275589663602,0.2549089193344116,0.9699618220329285,-2.968079090118408,0.1350235939025879,-0.1573696434497833,0.1816691160202026,2,-0.3992114961147308,0.7596130967140198,-0.04330087453126907,0.5116084218025208,0.7426764965057373,0.4742637574672699,0.4727637469768524,28.94312477111816,14.06727027893066,27.25271606445312,2,1
1562614536.353496,162,0,309762.7616456667,0.6926391077801,2.137670659610534,-0.4941275589663602,0.2549089193344116,0.9699618220329285,-2.968079090118408,0.1350235939025879,-0.1573696434497833,0.1816691160202026,2,-0.3992114961147308,0.7596130967140198,-0.04330087453126907,0.5116084218025208,0.7426764965057373,0.4742637574672699,0.4727637469768524,28.94312477111816,14.06727027893066,27.25271606445312,2,1
1562614536.353644,163,0,309762.7616456667,0.6926391077801,2.137670659610534,-0.4941275589663602,0.2549089193344116,0.9699618220329285,-2.968079090118408,0.1350235939025879,-0.1573696434497833,0.1816691160202026,2,-0.3992114961147308,0.7596130967140198,-0.04330087453126907,0.5116084218025208,0.7426764965057373,0.4742637574672699,0.4727637469768524,28.94312477111816,14.06727027893066,27.25271606445312,2,1
1562614536.353778,164,0,309762.7616456667,0.6926391077801,2.137670659610534,-0.4941275589663602,0.2549089193344116,0.9699618220329285,-2.968079090118408,0.1350235939025879,-0.1573696434497833,0.1816691160202026,2,-0.3992114961147308,0.7596130967140198,-0.04330087453126907,0.5116084218025208,0.7426764965057373,0.4742637574672699,0.4727637469768524,28.94312477111816,14.06727027893066,27.25271606445312,2,1
1562614536.353928,165,0,309762.7616456667,0.6926391077801,2.137670659610534,-0.4941275589663602,0.2549089193344116,0.9699618220329285,-2.968079090118408,0.1350235939025879,-0.1573696434497833,0.1816691160202026,2,-0.3992114961147308,0.7596130967140198,-0.04330087453126907,0.5116084218025208,0.7426764965057373,0.4742637574672699,0.4727637469768524,28.94312477111816,14.06727027893066,27.25271606445312,2,1
1562614536.354061,166,0,309762.7616456667,0.6926391077801,2.137670659610534,-0.4941275589663602,0.2549089193344116,0.9699618220329285,-2.968079090118408,0.1350235939025879,-0.1573696434497833,0.1816691160202026,2,-0.3992114961147308,0.7596130967140198,-0.04330087453126907,0.5116084218025208,0.7426764965057373,0.4742637574672699,0.4727637469768524,28.94312477111816,14.06727027893066,27.25271606445312,2,1
1562614536.354466,167,0,309762.7616456667,0.6926391077801,2.137670659610534,-0.4941275589663602,0.2549089193344116,0.9699618220329285,-2.968079090118408,0.1350235939025879,-0.1573696434497833,0.1816691160202026,2,-0.3992114961147308,0.7596130967140198,-0.04330087453126907,0.5116084218025208,0.7426764965057373,0.4742637574672699,0.4727637469768524,28.94312477111816,14.06727027893066,27.25271606445312,2,1
1562614536.359625,168,0,309762.7616456667,0.6926391077801,2.137670659610534,-0.4941275589663602,0.2549089193344116,0.9699618220329285,-2.968079090118408,0.1350235939025879,-0.1573696434497833,0.1816691160202026,2,-0.3992114961147308,0.7596130967140198,-0.04330087453126907,0.5116084218025208,0.7426764965057373,0.4742637574672699,0.4727637469768524,28.94312477111816,14.06727027893066,27.25271606445312,2,1
1562614536.360196,169,0,309762.7616456667,0.6926391077801,2.137670659610534,-0.4941275589663602,0.2549089193344116,0.9699618220329285,-2.968079090118408,0.1350235939025879,-0.1573696434497833,0.1816691160202026,2,-0.3992114961147308,0.7596130967140198,-0.04330087453126907,0.5116084218025208,0.7426764965057373,0.4742637574672699,0.4727637469768524,28.94312477111816,14.06727027893066,27.25271606445312,2,1
1562614536.360459,170,0,309762.7616456667,0.6926391077801,2.137670659610534,-0.4941275589663602,0.2549089193344116,0.9699618220329285,-2.968079090118408,0.1350235939025879,-0.1573696434497833,0.1816691160202026,2,-0.3992114961147308,0.7596130967140198,-0.04330087453126907,0.5116084218025208,0.7426764965057373,0.4742637574672699,0.4727637469768524,28.94312477111816,14.06727027893066,27.25271606445312,2,1
1562614536.360627,171,0,309762.7616456667,0.6926391077801,2.137670659610534,-0.4941275589663602,0.2549089193344116,0.9699618220329285,-2.968079090118408,0.1350235939025879,-0.1573696434497833,0.1816691160202026,2,-0.3992114961147308,0.7596130967140198,-0.04330087453126907,0.5116084218025208,0.7426764965057373,0.4742637574672699,0.4727637469768524,28.94312477111816,14.06727027893066,27.25271606445312,2,1
1562614536.360994,172,0,309762.7616456667,0.6926391077801,2.137670659610534,-0.4941275589663602,0.2549089193344116,0.9699618220329285,-2.968079090118408,0.1350235939025879,-0.1573696434497833,0.1816691160202026,2,-0.3992114961147308,0.7596130967140198,-0.04330087453126907,0.5116084218025208,0.7426764965057373,0.4742637574672699,0.4727637469768524,28.94312477111816,14.06727027893066,27.25271606445312,2,1
1562614536.361186,173,0,309762.7616456667,0.6926391077801,2.137670659610534,-0.4941275589663602,0.2549089193344116,0.9699618220329285,-2.968079090118408,0.1350235939025879,-0.1573696434497833,0.1816691160202026,2,-0.3992114961147308,0.7596130967140198,-0.04330087453126907,0.5116084218025208,0.7426764965057373,0.4742637574672699,0.4727637469768524,28.94312477111816,14.06727027893066,27.25271606445312,2,1
1562614536.36134,174,0,309762.7616456667,0.6926391077801,2.137670659610534,-0.4941275589663602,0.2549089193344116,0.9699618220329285,-2.968079090118408,0.1350235939025879,-0.1573696434497833,0.1816691160202026,2,-0.3992114961147308,0.7596130967140198,-0.04330087453126907,0.5116084218025208,0.7426764965057373,0.4742637574672699,0.4727637469768524,28.94312477111816,14.06727027893066,27.25271606445312,2,1
1562614536.361598,175,0,309762.7616456667,0.6926391077801,2.137670659610534,-0.4941275589663602,0.2549089193344116,0.9699618220329285,-2.968079090118408,0.1350235939025879,-0.1573696434497833,0.1816691160202026,2,-0.3992114961147308,0.7596130967140198,-0.04330087453126907,0.5116084218025208,0.7426764965057373,0.4742637574672699,0.4727637469768524,28.94312477111816,14.06727027893066,27.25271606445312,2,1
1562614536.361775,176,0,309762.7616456667,0.6926391077801,2.137670659610534,-0.4941275589663602,0.2549089193344116,0.9699618220329285,-2.968079090118408,0.1350235939025879,-0.1573696434497833,0.1816691160202026,2,-0.3992114961147308,0.7596130967140198,-0.04330087453126907,0.5116084218025208,0.7426764965057373,0.4742637574672699,0.4727637469768524,28.94312477111816,14.06727027893066,27.25271606445312,2,1
1562614536.362078,177,0,309762.7616456667,0.6926391077801,2.137670659610534,-0.4941275589663602,0.2549089193344116,0.9699618220329285,-2.968079090118408,0.1350235939025879,-0.1573696434497833,0.1816691160202026,2,-0.3992114961147308,0.7596130967140198,-0.04330087453126907,0.5116084218025208,0.7426764965057373,0.4742637574672699,0.4727637469768524,28.94312477111816,14.06727027893066,27.25271606445312,2,1
1562614536.36231,178,0,309762.7616456667,0.6926391077801,2.137670659610534,-0.4941275589663602,0.2549089193344116,0.9699618220329285,-2.968079090118408,0.1350235939025879,-0.1573696434497833,0.1816691160202026,2,-0.3992114961147308,0.7596130967140198,-0.04330087453126907,0.5116084218025208,0.7426764965057373,0.4742637574672699,0.4727637469768524,28.94312477111816,14.06727027893066,27.25271606445312,2,1
1562614536.362479,179,0,309762.7616456667,0.6926391077801,2.137670659610534,-0.4941275589663602,0.2549089193344116,0.9699618220329285,-2.968079090118408,0.1350235939025879,-0.1573696434497833,0.1816691160202026,2,-0.3992114961147308,0.7596130967140198,-0.04330087453126907,0.5116084218025208,0.7426764965057373,0.4742637574672699,0.4727637469768524,28.94312477111816,14.06727027893066,27.25271606445312,2,1
1562614536.362618,180,0,309762.7616456667,0.6926391077801,2.137670659610534,-0.4941275589663602,0.2549089193344116,0.9699618220329285,-2.968079090118408,0.1350235939025879,-0.1573696434497833,0.1816691160202026,2,-0.3992114961147308,0.7596130967140198,-0.04330087453126907,0.5116084218025208,0.7426764965057373,0.4742637574672699,0.4727637469768524,28.94312477111816,14.06727027893066,27.25271606445312,2,1
1562614536.362817,181,0,309762.7616456667,0.6926391077801,2.137670659610534,-0.4941275589663602,0.2549089193344116,0.9699618220329285,-2.968079090118408,0.1350235939025879,-0.1573696434497833,0.1816691160202026,2,-0.3992114961147308,0.7596130967140198,-0.04330087453126907,0.5116084218025208,0.7426764965057373,0.4742637574672699,0.4727637469768524,28.94312477111816,14.06727027893066,27.25271606445312,2,1
1562614536.362977,182,0,309762.7616456667,0.6926391077801,2.137670659610534,-0.4941275589663602,0.2549089193344116,0.9699618220329285,-2.968079090118408,0.1350235939025879,-0.1573696434497833,0.1816691160202026,2,-0.3992114961147308,0.7596130967140198,-0.04330087453126907,0.5116084218025208,0.7426764965057373,0.4742637574672699,0.4727637469768524,28.94312477111816,14.06727027893066,27.25271606445312,2,1
1562614536.363129,183,0,309762.7616456667,0.6926391077801,2.137670659610534,-0.4941275589663602,0.2549089193344116,0.9699618220329285,-2.968079090118408,0.1350235939025879,-0.1573696434497833,0.1816691160202026,2,-0.3992114961147308,0.7596130967140198,-0.04330087453126907,0.5116084218025208,0.7426764965057373,0.4742637574672699,0.4727637469768524,28.94312477111816,14.06727027893066,27.25271606445312,2,1
1562614536.363267,184,0,309762.7616456667,0.6926391077801,2.137670659610534,-0.4941275589663602,0.2549089193344116,0.9699618220329285,-2.968079090118408,0.1350235939025879,-0.1573696434497833,0.1816691160202026,2,-0.3992114961147308,0.7596130967140198,-0.04330087453126907,0.5116084218025208,0.7426764965057373,0.4742637574672699,0.4727637469768524,28.94312477111816,14.06727027893066,27.25271606445312,2,1
1562614536.363416,185,0,309762.7616456667,0.6926391077801,2.137670659610534,-0.4941275589663602,0.2549089193344116,0.9699618220329285,-2.968079090118408,0.1350235939025879,-0.1573696434497833,0.1816691160202026,2,-0.3992114961147308,0.7596130967140198,-0.04330087453126907,0.5116084218025208,0.7426764965057373,0.4742637574672699,0.4727637469768524,28.94312477111816,14.06727027893066,27.25271606445312,2,1
1562614536.36355,186,0,309762.7616456667,0.6926391077801,2.137670659610534,-0.4941275589663602,0.2549089193344116,0.9699618220329285,-2.968079090118408,0.1350235939025879,-0.1573696434497833,0.1816691160202026,2,-0.3992114961147308,0.7596130967140198,-0.04330087453126907,0.5116084218025208,0.7426764965057373,0.4742637574672699,0.4727637469768524,28.94312477111816,14.06727027893066,27.25271606445312,2,1
1562614536.363701,187,0,309762.7616456667,0.6926391077801,2.137670659610534,-0.4941275589663602,0.2549089193344116,0.9699618220329285,-2.968079090118408,0.1350235939025879,-0.1573696434497833,0.1816691160202026,2,-0.3992114961147308,0.7596130967140198,-0.04330087453126907,0.5116084218025208,0.7426764965057373,0.4742637574672699,0.4727637469768524,28.94312477111816,14.06727027893066,27.25271606445312,2,1
1562614536.364457,188,0,309762.7616456667,0.6926391077801,2.137670659610534,-0.4941275589663602,0.2549089193344116,0.9699618220329285,-2.968079090118408,0.1350235939025879,-0.1573696434497833,0.1816691160202026,2,-0.3992114961147308,0.7596130967140198,-0.04330087453126907,0.5116084218025208,0.7426764965057373,0.4742637574672699,0.4727637469768524,28.94312477111816,14.06727027893066,27.25271606445312,2,1
1562614536.36476,189,0,309762.7616456667,0.6926391077801,2.137670659610534,-0.4941275589663602,0.2549089193344116,0.9699618220329285,-2.968079090118408,0.1350235939025879,-0.1573696434497833,0.1816691160202026,2,-0.3992114961147308,0.7596130967140198,-0.04330087453126907,0.5116084218025208,0.7426764965057373,0.4742637574672699,0.4727637469768524,28.94312477111816,14.06727027893066,27.25271606445312,2,1
1562614536.36493,190,0,309762.7616456667,0.6926391077801,2.137670659610534,-0.4941275589663602,0.2549089193344116,0.9699618220329285,-2.968079090118408,0.1350235939025879,-0.1573696434497833,0.1816691160202026,2,-0.3992114961147308,0.7596130967140198,-0.04330087453126907,0.5116084218025208,0.7426764965057373,0.4742637574672699,0.4727637469768524,28.94312477111816,14.06727027893066,27.25271606445312,2,1
1562614536.365073,191,0,309762.7616456667,0.6926391077801,2.137670659610534,-0.4941275589663602,0.2549089193344116,0.9699618220329285,-2.968079090118408,0.1350235939025879,-0.1573696434497833,0.1816691160202026,2,-0.3992114961147308,0.7596130967140198,-0.04330087453126907,0.5116084218025208,0.7426764965057373,0.4742637574672699,0.4727637469768524,28.94312477111816,14.06727027893066,27.25271606445312,2,1
1562614536.365224,192,0,309762.7616456667,0.6926391077801,2.137670659610534,-0.4941275589663602,0.2549089193344116,0.9699618220329285,-2.968079090118408,0.1350235939025879,-0.1573696434497833,0.1816691160202026,2,-0.3992114961147308,0.7596130967140198,-0.04330087453126907,0.5116084218025208,0.7426764965057373,0.4742637574672699,0.4727637469768524,28.94312477111816,14.06727027893066,27.25271606445312,2,1
1562614536.365376,193,0,309762.7616456667,0.6926391077801,2.137670659610534,-0.4941275589663602,0.2549089193344116,0.9699618220329285,-2.968079090118408,0.1350235939025879,-0.1573696434497833,0.1816691160202026,2,-0.3992114961147308,0.7596130967140198,-0.04330087453126907,0.5116084218025208,0.7426764965057373,0.4742637574672699,0.4727637469768524,28.94312477111816,14.06727027893066,27.25271606445312,2,1
1562614536.3657,194,0,309762.7616456667,0.6926391077801,2.137670659610534,-0.4941275589663602,0.2549089193344116,0.9699618220329285,-2.968079090118408,0.1350235939025879,-0.1573696434497833,0.1816691160202026,2,-0.3992114961147308,0.7596130967140198,-0.04330087453126907,0.5116084218025208,0.7426764965057373,0.4742637574672699,0.4727637469768524,28.94312477111816,14.06727027893066,27.25271606445312,2,1
1562614536.366871,195,0,309762.7616456667,0.6926391077801,2.137670659610534,-0.4941275589663602,0.2549089193344116,0.9699618220329285,-2.968079090118408,0.1350235939025879,-0.1573696434497833,0.1816691160202026,2,-0.3992114961147308,0.7596130967140198,-0.04330087453126907,0.5116084218025208,0.7426764965057373,0.4742637574672699,0.4727637469768524,28.94312477111816,14.06727027893066,27.25271606445312,2,1
1562614536.367069,196,0,309762.7616456667,0.6926391077801,2.137670659610534,-0.4941275589663602,0.2549089193344116,0.9699618220329285,-2.968079090118408,0.1350235939025879,-0.1573696434497833,0.1816691160202026,2,-0.3992114961147308,0.7596130967140198,-0.04330087453126907,0.5116084218025208,0.7426764965057373,0.4742637574672699,0.4727637469768524,28.94312477111816,14.06727027893066,27.25271606445312,2,1
1562614536.367281,197,0,309762.7616456667,0.6926391077801,2.137670659610534,-0.4941275589663602,0.2549089193344116,0.9699618220329285,-2.968079090118408,0.1350235939025879,-0.1573696434497833,0.1816691160202026,2,-0.3992114961147308,0.7596130967140198,-0.04330087453126907,0.5116084218025208,0.7426764965057373,0.4742637574672699,0.4727637469768524,28.94312477111816,14.06727027893066,27.25271606445312,2,1
1562614536.367564,198,0,309762.7616456667,0.6926391077801,2.137670659610534,-0.4941275589663602,0.2549089193344116,0.9699618220329285,-2.968079090118408,0.1350235939025879,-0.1573696434497833,0.1816691160202026,2,-0.3992114961147308,0.7596130967140198,-0.04330087453126907,0.5116084218025208,0.7426764965057373,0.4742637574672699,0.4727637469768524,28.94312477111816,14.06727027893066,27.25271606445312,2,1
1562614536.367724,199,0,309762.7616456667,0.6926391077801,2.137670659610534,-0.4941275589663602,0.2549089193344116,0.9699618220329285,-2.968079090118408,0.1350235939025879,-0.1573696434497833,0.1816691160202026,2,-0.3992114961147308,0.7596130967140198,-0.04330087453126907,0.5116084218025208,0.7426764965057373,0.4742637574672699,0.4727637469768524,28.94312477111816,14.06727027893066,27.25271606445312,2,1
1562614536.367871,200,0,309762.7616456667,0.6926391077801,2.137670659610534,-0.4941275589663602,0.2549089193344116,0.9699618220329285,-2.968079090118408,0.1350235939025879,-0.1573696434497833,0.1816691160202026,2,-0.3992114961147308,0.7596130967140198,-0.04330087453126907,0.5116084218025208,0.7426764965057373,0.4742637574672699,0.4727637469768524,28.94312477111816,14.06727027893066,27.25271606445312,2,1
1562614536.371925,201,0,309799.6282322917,0.1684215417712715,0.1162746961063995,0.2526576749736456,0.1835768520832062,0.03501403704285622,-0.1388195902109146,-0.04781946539878845,-0.04058609902858734,0.138058066368103,2,0.1204861924052238,0.06801684200763702,0.09059485793113708,0.9862299561500549,0.1123296320438385,-0.2499781399965286,-0.9617135524749756,19.85046005249023,-9.616239547729492,-32.94241333007812,2,1
1562614536.372167,202,0,309799.6631752917,0.1626018990860865,0.1151450145789317,0.2569619205911702,0.1689812541007996,-0.0786641538143158,-0.09433206915855408,-0.06287416815757751,-0.04023534059524536,0.07854330539703369,2,0.1228585168719292,0.06726613640785217,0.08775680512189865,0.986245334148407,0.1111184880137444,-0.2541433870792389,-0.960762083530426,19.83118629455566,-9.517545700073242,-32.82144165039062,2,1
1562614536.372404,203,0,309799.6631752917,0.1626018990860865,0.1151450145789317,0.2569619205911702,0.1689812541007996,-0.0786641538143158,-0.09433206915855408,-0.06287416815757751,-0.04023534059524536,0.07854330539703369,2,0.1228585168719292,0.06726613640785217,0.08775680512189865,0.986245334148407,0.1111184880137444,-0.2541433870792389,-0.960762083530426,19.83118629455566,-9.517545700073242,-32.82144165039062,2,1
1562614536.372579,204,0,309799.6981182917,0.1583527825033486,0.1199293027760423,0.2674343492128973,0.3676894009113312,0.2531277537345886,-0.01829158514738083,-0.07576607167720795,-0.06913715600967407,0.06897318363189697,2,0.1279648393392563,0.06973341852426529,0.08621135354042053,0.9855607151985168,0.1153889894485474,-0.2642578482627869,-0.9575244784355164,19.87706184387207,-9.758304595947266,-32.749267578125,2,1
1562614536.372927,205,0,309799.7330602917,0.1555929829973547,0.1305917017518073,0.275950618036777,0.1394160836935043,0.1259735673666,-0.05541268736124039,-0.0364619642496109,-0.09975138306617737,-0.001670539379119873,2,0.1318068653345108,0.07510028034448624,0.08576253056526184,0.9846988320350647,0.1252941340208054,-0.2724617123603821,-0.9539737701416016,20.55544281005859,-10.10262680053711,-32.31884765625,2,1
1562614536.373105,206,0,309799.7680332917,0.1526246819390846,0.1198423375827307,0.275849654564415,-0.04252174496650696,-0.4514155983924866,-0.01898197084665298,0.0306510329246521,-0.08631402254104614,-0.1711278557777405,2,0.1323195695877075,0.06960701197385788,0.08358830958604813,0.9852204918861389,0.1150357723236084,-0.2723645567893982,-0.9552927613258362,20.60097122192383,-10.25865173339844,-32.22561645507812,2,1
1562614536.373262,207,0,309799.8029462917,0.1542443022709675,0.1104783120398917,0.2811408143692659,0.2920399606227875,-0.04404962062835693,0.1681906878948212,0.03439092636108398,-0.07823586463928223,-0.1802510619163513,2,0.1352665722370148,0.06528224050998688,0.0838819220662117,0.9850913286209106,0.1059250980615616,-0.2774518430233002,-0.9548823833465576,20.30962753295898,-10.18288803100586,-32.43707275390625,2,1
1562614536.385326,208,0,309799.83792175,0.1570691086929856,0.1099836388658018,0.2945951801768501,0.250928670167923,-0.06093531847000122,0.03167316690087318,0.05499695241451263,-0.1097836196422577,-0.2532857656478882,2,0.1418265253305435,0.06569825112819672,0.08552895486354828,0.9839988946914673,0.1050334647297859,-0.2903524935245514,-0.9511379599571228,20.39303016662598,-10.64582633972168,-32.5606689453125,2,1
1562614536.422235,209,0,309799.87283375,0.1516295047304382,0.09723555476102534,0.2830770413781718,-0.5714920163154602,-0.5213109850883484,-0.2019053995609283,0.09197400510311127,-0.07129493355751038,-0.4159339666366577,2,0.1368508338928223,0.05864648893475533,0.08173207193613052,0.9854705929756165,0.09321857243776321,-0.2793115377426147,-0.9556648731231689,20.18356704711914,-10.49977111816406,-32.63613891601562,2,1
1562614536.448439,210,0,309799.90780675,0.1511626645184483,0.09233031327200519,0.2707581068435671,-0.06324592977762222,0.2670213580131531,0.1554114073514938,0.1055077761411667,0.1390078961849213,-0.245600163936615,2,0.1309844255447388,0.05577630177140236,0.08094951510429382,0.9864984750747681,0.08884022384881973,-0.2674620151519775,-0.9594641923904419,19.99180030822754,-9.936513900756836,-33.11337280273438,2,1
1562614536.482103,211,0,309799.94271875,0.1597765601433568,0.1245711604347219,0.2870076234913735,0.6019315719604492,1.253183960914612,0.3666970133781433,0.056243896484375,0.1208317577838898,0.08766311407089233,2,0.1373628973960876,0.0727996900677681,0.08770328760147095,0.9839410185813904,0.1191668435931206,-0.2830835282802582,-0.9516632556915283,21.20561218261719,-10.54403305053711,-32.34005737304688,2,1
1562614536.514087,212,0,309799.97769175,0.1691964347305593,0.1541441451562097,0.3040786193595651,0.2722893059253693,0.5698564052581787,0.3349609971046448,0.06694385409355164,0.06640806794166565,0.2680799961090088,2,0.1440336853265762,0.08859488368034363,0.09489428251981735,0.9810201525688171,0.1464907824993134,-0.299414187669754,-0.9428104758262634,22.45077896118164,-11.4052791595459,-31.36968994140625,2,1
1562614536.548093,213,0,309800.01260375,0.181989968068204,0.1385891298482972,0.3037382260644302,-0.1717443317174911,-0.6845598816871643,0.418055534362793,0.09720735251903534,0.08024343848228455,0.2123468518257141,2,0.1440792083740234,0.08187329769134521,0.1000395491719246,0.981086254119873,0.1318223029375076,-0.2990894019603729,-0.9450758695602417,22.19876670837402,-11.56609916687012,-31.51165771484375,2,1
1562614536.579964,214,0,309800.04757675,0.199062530256055,0.1116763740964701,0.3024225112783717,-0.003304293612018228,-0.4816207885742188,0.495082676410675,0.02365995943546295,0.1190573573112488,0.1699522137641907,2,0.1441742330789566,0.06984418630599976,0.1064453125,0.9813281893730164,0.1063867956399918,-0.297833651304245,-0.9486711621284485,21.26085090637207,-11.74713134765625,-32.28598022460938,2,1
1562614536.613876,215,0,309800.08248975,0.2143267152324624,0.09330549062731275,0.3087232421585007,0.1780446618795395,-0.352697491645813,0.4665893912315369,-0.004250094294548035,0.10715252161026,0.05753928422927856,2,0.1477722525596619,0.06224386021494865,0.1127007231116295,0.9806057214736938,0.08876529335975647,-0.3038424849510193,-0.9485781192779541,20.71428108215332,-12.26382446289062,-32.64547729492188,2,1
1562614536.646243,216,0,309800.11746275,0.2262682177663697,0.08516575152904808,0.3148517320354334,0.1138866692781448,0.1107255145907402,0.3339451551437378,0.01710763573646545,0.08022519946098328,0.09540438652038574,2,0.1508865505456924,0.05945772305130959,0.1180271431803703,0.9796772599220276,0.08088134229183197,-0.3096754848957062,-0.9473960399627686,20.21138000488281,-12.65466499328613,-32.50009155273438,2,1
1562614536.682261,217,0,309800.15240475,0.2387546731508205,0.09472884524690796,0.322103915614264,0.239446148276329,0.4142723381519318,0.4311292469501495,0.003428876399993896,0.07992595434188843,0.2187612056732178,2,0.1534710824489594,0.06547749787569046,0.1249593123793602,0.9780309200286865,0.08972275257110596,-0.3165629804134369,-0.9443186521530151,20.27651977539062,-12.60419845581055,-32.43411254882812,2,1
1562614536.711738,218,0,309800.18734775,0.2555363098417976,0.09178294617691965,0.337126963563646,0.4023674726486206,-0.1793734133243561,0.5373853445053101,0.01749064028263092,0.01517650485038757,0.2171240448951721,2,0.160461038351059,0.06621094048023224,0.1331162005662918,0.9757809638977051,0.08649482578039169,-0.3307771384716034,-0.9397367238998413,20.42924499511719,-13.54857635498047,-32.11508178710938,2,1
1562614536.74573,219,0,309800.22229075,0.2791872026394508,0.07834701112251601,0.3463023095037687,0.1181758865714073,0.02514025568962097,0.7918766140937805,-0.05354270339012146,0.02040389180183411,0.2128776907920837,2,0.1651126891374588,0.06215637549757957,0.1436366587877274,0.9737776517868042,0.07362050563097,-0.3394219577312469,-0.9377487897872925,20.07692909240723,-14.24303436279297,-32.10958862304688,2,1
1562614536.778276,220,0,309800.22229075,0.2791872026394508,0.07834701112251601,0.3463023095037687,0.1181758865714073,0.02514025568962097,0.7918766140937805,-0.05354270339012146,0.02040389180183411,0.2128776907920837,2,0.1651126891374588,0.06215637549757957,0.1436366587877274,0.9737776517868042,0.07362050563097,-0.3394219577312469,-0.9377487897872925,20.07692909240723,-14.24303436279297,-32.10958862304688,2,1
1562614536.819626,221,0,309800.25723275,0.307316776075657,0.08778254874032554,0.3535596193936503,0.1527220606803894,0.8423748016357422,0.7951908707618713,-0.06560289859771729,-0.03732296824455261,0.1448128223419189,2,0.1670101583003998,0.0695747584104538,0.1581493467092514,0.9706985354423523,0.08224713802337646,-0.346239447593689,-0.9345338940620422,20.25198173522949,-15.02163887023926,-31.75729370117188,2,1
1562614536.843559,222,0,309800.29217575,0.3270589949862878,0.1208487792067439,0.3636493920355436,0.3037606775760651,1.246155619621277,0.4374852180480957,-0.006169050931930542,-0.05210563540458679,0.05052757263183594,2,0.1684173345565796,0.0879845917224884,0.170599564909935,0.9668454527854919,0.1126711592078209,-0.3556873202323914,-0.9277886152267456,21.14005279541016,-15.5903377532959,-30.78543090820312,2,1
1562614536.877561,223,0,309800.32714875,0.332537296697229,0.1356111994981638,0.3787430088289398,0.3850922286510468,-0.1131154894828796,0.1497083306312561,0.0812440812587738,-0.0457148551940918,-0.1808589696884155,2,0.1742060482501984,0.09670780599117279,0.1747495085000992,0.9642419815063477,0.1256146132946014,-0.3697528541088104,-0.9205996990203857,21.56493759155273,-15.95924949645996,-30.26077270507812,2,1
1562614536.909599,224,0,309800.36206075,0.333562406441031,0.132059958923696,0.377835338058893,-0.3750090599060059,0.1693159341812134,-0.006680231541395187,0.06632742285728455,0.02856063842773438,-0.2108786106109619,2,0.1740278303623199,0.09501669555902481,0.1749193519353867,0.9644113779067993,0.1223886907100677,-0.3689093589782715,-0.9213722944259644,21.34891319274902,-16.22502708435059,-30.34979248046875,2,1
1562614536.943473,225,0,309800.39703375,0.3326027653286238,0.1426588807197818,0.3407405615071566,-1.279953598976135,0.4209282100200653,-0.240589365363121,0.05378344655036926,-0.03286775946617126,-0.286475658416748,2,0.155156210064888,0.09726292639970779,0.1746411919593811,0.9674538373947144,0.1340014487504959,-0.3341851830482483,-0.93293297290802,21.68417930603027,-14.84759712219238,-30.677734375,2,1
1562614536.976087,226,0,309800.43194575,0.3199214346654944,0.157096986398418,0.2967871955395888,-1.067082524299622,0.2857873439788818,-0.5821223258972168,-0.008092060685157776,0.01238530874252319,-0.2722329497337341,2,0.1331510692834854,0.1000914126634598,0.1684965193271637,0.9715253114700317,0.149611696600914,-0.2924493849277496,-0.944504976272583,22.46694755554199,-12.9285945892334,-31.16812133789062,2,1
1562614537.009361,227,0,309800.46691875,0.3021251746097152,0.1755688279017857,0.2692738547821522,-0.4855607748031616,0.5668063759803772,-0.5266809463500977,0.02502484619617462,0.1056411564350128,-0.1209246516227722,2,0.1191167011857033,0.106011301279068,0.1601867824792862,0.974121630191803,0.1683739572763443,-0.2660315334796906,-0.9491456151008606,22.58163070678711,-11.87253379821777,-31.20724487304688,2,1
1562614537.041373,228,0,309800.50183175,0.2896396277931627,0.2151586593175076,0.2626560377286491,0.03195840865373611,1.298579573631287,-0.212423250079155,-0.05198255181312561,0.1001408100128174,0.1150505542755127,2,0.1134690716862679,0.1241218596696854,0.1561575829982758,0.9733104705810547,0.2061800956726074,-0.2596464157104492,-0.9434370398521423,23.68296813964844,-10.97706985473633,-30.83526611328125,2,1
1562614537.075215,229,0,309800.53680475,0.2851223469532478,0.2612588369928087,0.2670614944507174,0.1575159132480621,1.053712487220764,-0.0005446834838949144,-0.1078992187976837,0.0411146879196167,0.2746051549911499,2,0.112318716943264,0.1465433984994888,0.1567801684141159,0.9702214002609253,0.2491403818130493,-0.2638982534408569,-0.9318190813064575,25.31524467468262,-10.75748634338379,-29.72677612304688,2,1
1562614537.107256,230,0,309800.57171675,0.2817447063424739,0.2631168442351892,0.2656783698095208,-0.1766732782125473,-0.4156380891799927,-0.08602797240018845,-0.05309951305389404,0.02754271030426025,0.127870500087738,2,0.1117473915219307,0.1471715420484543,0.1551696807146072,0.9704511761665344,0.2509659826755524,-0.2625638842582703,-0.9317061305046082,25.58732223510742,-10.55721473693848,-29.6356201171875,2,1
1562614537.142094,231,0,309800.60668975,0.2856593977439931,0.2597992955834435,0.2528689039235808,-0.4339103996753693,0.4261668920516968,0.1881524473428726,-0.07607355713844299,0.09089043736457825,-0.1234991550445557,2,0.1054708883166313,0.1449902802705765,0.1561863571405411,0.9713184833526611,0.2487172484397888,-0.2501826584339142,-0.9357074499130249,25.3615837097168,-10.47080230712891,-30.15707397460938,2,1
1562614537.173147,232,0,309800.64160175,0.2923424353380459,0.2744288171196395,0.2690379157383004,1.011153697967529,0.1630387753248215,0.2392956763505936,0.00486987829208374,0.005163669586181641,0.1174952387809753,2,0.1116935163736343,0.1534532457590103,0.1611278057098389,0.9685115218162537,0.2612486183643341,-0.2658040821552277,-0.92795330286026,25.60024070739746,-10.26489448547363,-30.09478759765625,2,1
1562614537.216322,233,0,309800.67657475,0.2862751775125966,0.2743012996554831,0.298855561325663,0.5643925070762634,0.08268432319164276,0.001814835937693715,-0.03648087382316589,0.02928614616394043,0.06848710775375366,2,0.1266803294420242,0.1548520028591156,0.1598809063434601,0.9666494131088257,0.2588676512241364,-0.2944266796112061,-0.9199458956718445,25.29004669189453,-11.80995941162109,-29.94647216796875,2,1
